round,order,age,field_cd,race,goal,date,career_c,exphappy,round_p,order_p,age_p,field_cd_p,race_p,goal_p,date_p,career_c_p,exphappy_p,int_corr,match
10,1,22,1,4,2,7,1,3,10,1,23,1,4,1,3,1,4,-0.51,0
14,1,23,1,2,1,6,1,5,11,1,24,1,2,2,7,1,7,-0.05,0
19,1,21,1,2,1,4,1,5,16,1,24,1,2,1,4,1,5,0.03,0
10,1,27,1,6,1,6,9,5,10,1,35,3,4,2,4,4,5,-0.02,0
14,1,22,1,1,1,7,1,5,11,1,22,1,2,1,2,7,3,0.73,1
10,1,22,1,6,6,5,1,5,10,1,26,1,3,2,7,1,5,0.26,1
22,1,22,1,2,1,6,1,5,22,1,22,1,2,1,4,1,7,0.57,1
10,1,24,1,6,6,5,1,5,10,1,27,11,4,2,6,9,3,-0.17,1
18,1,25,1,1,2,7,1,5,18,1,25,1,6,1,3,1,5,-0.24,1
19,1,30,1,4,2,6,1,7,16,1,23,1,2,1,7,1,3,-0.44,0
10,2,23,1,2,1,5,1,1,10,2,22,1,2,1,1,1,7,-0.18,0
14,2,23,1,2,1,6,1,5,11,1,25,1,2,4,6,1,6,-0.05,0
16,2,24,1,2,1,4,1,5,19,2,24,3,2,1,3,2,7,0,0
14,2,22,1,1,1,7,1,5,11,2,24,1,2,2,7,1,7,0.01,1
19,2,30,1,4,2,6,1,7,16,1,24,1,3,5,6,1,2,-0.43,0
10,2,23,1,2,2,4,1,8,10,2,21,1,2,2,4,1,7,0.08,1
20,2,30,1,2,1,4,1,9,18,2,35,9,4,2,5,2,8,0.46,1
19,3,21,1,2,1,4,1,5,16,3,27,11,2,2,6,9,5,-0.01,0
18,3,25,1,1,2,7,1,5,18,3,32,10,3,2,4,4,7,0.17,1
18,3,24,1,2,2,5,1,6,19,3,25,15,4,2,7,6,4,-0.11,0
10,3,22,1,4,1,5,1,7,10,3,23,1,2,2,4,1,8,-0.46,1
10,4,23,1,2,1,5,1,1,10,4,23,1,2,2,4,1,8,-0.18,1
10,4,22,1,6,6,5,1,5,10,4,29,3,6,4,6,6,4,0.03,0
16,4,24,1,2,1,4,1,5,19,4,23,1,1,6,4,1,7,-0.32,1
19,4,21,1,2,1,4,1,5,16,4,27,3,2,2,6,7,7,-0.05,1
16,4,33,1,2,2,7,1,6,16,4,22,10,2,2,4,10,7,-0.15,0
11,4,25,1,2,4,6,1,6,14,5,27,9,4,2,7,7,7,-0.06,1
19,4,30,1,4,2,6,1,7,16,3,27,3,4,1,4,2,3,-0.22,0
16,5,23,1,1,1,4,1,2,19,5,30,8,2,1,6,2,8,-0.14,0
10,5,21,1,4,2,7,1,3,10,5,23,1,2,2,4,1,8,0.61,1
8,5,25,1,4,6,7,1,5,6,4,28,8,2,2,4,7,6,-0.09,0
10,5,27,1,6,1,6,9,5,10,5,24,8,4,6,4,7,6,-0.27,0
20,5,34,1,2,2,6,1,5,18,5,32,10,2,3,2,4,5,0.54,1
11,5,25,1,2,4,6,1,6,14,7,28,11,2,4,6,11,4,-0.11,1
11,5,27,1,4,2,6,1,6,14,8,22,1,1,1,7,1,5,-0.17,0
19,5,21,1,2,2,3,1,7,18,4,23,5,2,2,5,7,7,-0.05,1
10,5,22,1,4,1,5,1,7,10,5,24,1,3,1,4,1,5,-0.27,0
10,5,21,1,2,2,4,1,7,10,5,28,8,2,4,1,7,10,-0.13,1
16,6,23,1,1,1,4,1,2,19,6,23,1,2,1,5,1,3,-0.3,0
16,6,24,1,3,5,6,1,2,19,7,30,8,2,1,6,2,8,0.12,1
10,6,23,1,4,1,3,1,4,10,6,23,1,2,2,4,1,8,0.12,1
14,6,22,1,1,1,7,1,5,11,5,25,13,2,2,6,9,3,-0.08,0
18,6,25,1,6,1,3,1,5,18,6,22,8,4,3,4,7,7,-0.19,0
16,6,24,1,2,1,4,1,5,19,7,25,8,4,1,3,7,6,-0.57,1
10,6,24,1,4,3,6,10,6,10,6,28,8,2,6,6,7,3,0.02,0
11,6,25,1,2,4,6,1,6,14,8,23,11,2,1,4,11,5,-0.06,1
19,6,21,1,2,2,3,1,7,18,5,23,5,2,2,6,2,7,0.44,1
10,6,22,1,4,1,5,1,7,10,6,28,8,2,4,1,7,10,-0.34,1
20,6,30,1,2,1,4,1,9,18,5,26,6,2,2,6,9,2,0.24,1
10,6,21,1,2,5,6,14,9,10,6,28,7,2,1,5,2,5,-0.47,1
10,7,23,1,2,1,5,1,1,10,7,28,8,2,4,1,7,10,-0.47,1
16,7,24,1,3,5,6,1,2,19,8,23,1,2,1,5,1,3,-0.46,0
16,7,23,1,2,1,7,1,3,19,7,23,1,2,1,5,1,3,-0.27,0
10,7,21,1,4,2,7,1,3,10,7,24,1,3,1,4,1,5,0.21,1
10,7,22,1,6,6,5,1,5,10,7,28,7,2,1,5,2,5,-0.04,0
18,7,25,1,1,2,7,1,5,18,7,29,9,2,5,6,7,5,0.03,1
18,7,25,1,6,1,3,1,5,18,7,26,8,2,2,4,7,6,0.12,1
16,7,24,1,2,1,4,1,5,19,9,27,1,1,6,6,1,5,-0.04,1
10,7,22,1,4,1,5,1,7,10,7,24,8,2,1,1,7,6,-0.16,0
10,8,23,1,2,1,5,1,1,10,8,24,8,2,1,1,7,6,-0.19,0
16,8,23,1,1,1,4,1,2,19,8,24,3,2,1,3,2,7,-0.16,0
10,8,21,1,4,2,7,1,3,10,8,28,8,2,4,1,7,10,0.28,1
18,8,25,1,6,1,3,1,5,18,8,28,1,2,3,3,1,8,0.6,1
16,8,33,1,2,2,7,1,6,16,8,29,8,1,2,5,8,6,0.01,0
10,8,22,1,6,1,3,1,6,10,8,20,3,6,1,3,11,4,-0.29,1
11,8,27,1,4,2,6,1,6,14,12,28,11,2,4,6,11,4,0.27,1
19,8,21,1,2,2,3,1,7,18,7,31,8,2,2,4,7,9,0.47,1
16,9,24,1,3,5,6,1,2,19,10,24,3,2,1,3,2,7,-0.01,0
10,9,21,1,4,2,7,1,3,10,9,24,8,2,1,1,7,6,-0.36,0
16,9,23,1,2,1,7,1,3,19,9,24,3,2,1,3,2,7,-0.27,0
10,9,23,1,4,1,3,1,4,10,9,28,8,2,4,1,7,10,0.46,1
18,9,25,1,6,1,3,1,5,18,9,22,1,3,5,7,1,5,0.31,1
10,9,24,1,4,3,6,10,6,10,9,21,1,2,5,6,14,9,-0.32,0
16,10,23,1,1,1,4,1,2,19,10,23,1,1,6,4,1,7,0.11,1
10,10,21,1,4,2,7,1,3,10,10,22,1,4,2,7,1,3,0.16,1
18,10,25,1,6,1,3,1,5,18,10,32,10,2,1,4,2,6,-0.21,0
18,10,25,1,1,2,7,1,5,18,10,30,11,2,2,6,9,4,-0.14,0
10,10,24,1,6,6,5,1,5,10,10,28,7,2,1,5,2,5,0.28,1
10,10,22,1,6,6,5,1,5,10,10,24,1,4,3,6,10,6,0.03,1
10,10,22,1,6,1,3,1,6,10,10,21,13,2,1,1,10,7,0.08,1
10,10,21,1,2,2,4,1,7,10,10,22,1,2,1,1,1,7,0,0
20,10,30,1,2,1,4,1,9,18,8,22,3,2,1,6,3,7,-0.03,1
16,11,24,1,3,5,6,1,2,19,12,23,1,1,6,4,1,7,-0.08,0
16,11,23,1,2,1,7,1,3,19,11,23,1,1,6,4,1,7,0.49,1
18,11,25,1,1,2,7,1,5,18,11,27,8,2,1,7,2,5,-0.22,0
16,11,33,1,2,2,7,1,6,16,11,22,2,2,1,4,2,3,-0.03,0
19,11,21,1,2,2,3,1,7,18,10,26,8,2,5,4,7,3,0.21,1
16,12,23,1,1,1,4,1,2,19,13,25,8,4,1,3,7,6,-0.36,1
19,12,21,1,2,1,4,1,5,16,11,30,3,2,6,6,6,4,-0.22,0
19,12,30,1,4,2,6,1,7,16,9,27,9,1,1,6,5,4,-0.23,0
19,12,21,1,2,2,3,1,7,18,11,27,8,2,1,5,7,5,0.12,1
16,13,24,1,3,5,6,1,2,19,15,25,8,4,1,3,7,6,-0.32,0
16,13,23,1,1,1,4,1,2,19,15,27,1,1,6,6,1,5,0.41,1
16,13,23,1,2,1,7,1,3,19,14,25,8,4,1,3,7,6,0.16,1
14,13,23,1,2,1,6,1,5,11,9,23,1,6,1,3,1,5,0.78,1
19,13,30,1,4,2,6,1,7,16,10,24,1,2,1,4,1,5,-0.43,0
16,14,24,1,3,5,6,1,2,19,17,27,1,1,6,6,1,5,0.02,0
14,14,23,1,2,1,6,1,5,11,10,22,1,2,1,2,7,3,0,1
14,14,22,1,1,1,7,1,5,11,10,23,1,6,1,3,1,5,0.01,1
18,14,25,1,6,1,3,1,5,18,14,25,14,4,1,4,6,5,0.62,1
18,14,25,1,1,2,7,1,5,18,14,25,9,6,1,3,2,7,-0.08,1
16,14,33,1,2,2,7,1,6,16,14,27,8,2,1,3,7,5,-0.01,0
19,14,21,1,2,2,3,1,7,18,13,29,2,4,3,4,7,6,-0.05,0
18,15,25,1,1,2,7,1,5,18,15,22,3,2,2,7,2,6,-0.06,1
16,15,24,1,2,1,4,1,5,19,18,30,8,2,1,6,2,8,-0.27,0
19,15,30,1,4,2,6,1,7,16,12,27,11,2,2,6,9,5,-0.07,0
19,15,21,1,2,2,3,1,7,18,14,24,13,3,2,7,9,6,0.32,1
21,16,32,1,2,4,5,2,3,21,16,24,5,6,4,6,7,10,0,0
16,16,24,1,2,1,4,1,5,19,19,23,1,2,1,5,1,3,-0.35,0
19,16,30,1,4,2,6,1,7,16,13,27,3,2,2,6,7,7,-0.14,0
19,16,21,1,2,2,3,1,7,18,15,30,13,1,4,5,9,6,-0.04,0
18,18,25,1,6,1,3,1,5,18,18,21,7,2,1,4,2,6,0.42,1
18,18,25,1,1,2,7,1,5,18,18,22,11,2,1,4,11,6,-0.28,1
20,18,30,1,2,1,4,1,9,18,16,33,3,2,1,4,7,6,0.08,1
19,19,21,1,2,1,4,1,5,16,16,27,9,1,1,6,5,4,0.03,0
20,19,30,1,2,1,4,1,9,18,17,32,10,2,3,2,4,5,0.62,1
22,20,22,1,2,1,6,1,5,22,20,28,8,2,1,7,7,5,0.29,1
22,22,22,1,2,1,6,1,5,22,22,23,5,4,1,7,4,5,-0.16,1
6,1,24,2,4,5,7,2,5,7,1,25,10,1,1,5,2,6,0.05,1
16,2,26,2,2,2,5,4,6,19,2,23,1,1,6,4,1,7,-0.12,0
20,3,22,2,2,2,6,2,3,20,3,26,10,2,5,4,2,3,0.08,1
6,3,36,2,4,3,5,10,7,7,4,26,10,2,5,4,2,4,-0.06,1
6,4,24,2,4,5,7,2,5,7,5,26,10,2,5,4,2,4,-0.1,0
16,4,26,2,2,2,5,4,6,19,5,25,8,4,1,3,7,6,0,1
21,4,22,2,2,1,6,2,7,21,4,29,3,2,6,6,10,1,-0.06,0
6,5,24,2,4,5,7,2,5,7,6,24,10,2,1,7,2,6,-0.06,0
16,5,26,2,2,2,5,4,6,19,7,27,1,1,6,6,1,5,-0.02,0
21,6,22,2,2,1,6,2,7,21,6,32,1,2,4,5,2,3,-0.08,0
16,7,22,2,2,1,4,2,3,16,7,28,13,2,3,3,9,3,0.09,1
10,7,25,2,4,1,7,6,6,10,7,24,11,2,1,7,6,5,-0.01,0
16,7,25,2,2,1,6,7,7,19,8,30,8,2,1,6,2,8,-0.21,0
21,8,22,2,2,1,6,2,7,21,8,26,10,4,1,3,4,4,-0.59,0
10,9,25,2,4,1,7,6,6,10,9,22,4,1,1,5,2,4,0.62,1
21,9,22,2,2,1,6,2,7,21,9,25,10,2,2,7,2,5,-0.11,0
16,10,22,2,2,1,4,2,3,16,10,24,13,2,1,5,2,7,-0.21,1
16,13,22,2,2,1,4,2,3,16,13,27,13,4,1,4,2,5,-0.15,0
16,14,26,2,2,2,5,4,6,19,17,23,1,2,1,5,1,3,-0.47,1
16,14,25,2,2,1,6,7,7,19,16,25,8,4,1,3,7,6,0.18,1
20,15,27,2,2,2,6,2,3,20,15,27,10,2,1,2,2,8,0.03,0
16,15,25,2,2,1,6,7,7,19,18,27,1,1,6,6,1,5,0.27,1
21,16,22,2,2,1,6,2,7,21,16,27,10,4,2,7,2,6,-0.01,0
18,17,29,2,4,3,4,7,6,19,18,25,15,4,2,7,6,4,-0.41,0
20,18,22,2,2,6,6,2,3,20,18,25,13,6,1,5,6,10,-0.52,0
20,19,22,2,2,2,6,2,3,20,19,25,13,6,1,5,6,10,-0.15,0
20,20,27,2,2,2,6,2,3,20,20,22,2,2,6,6,2,3,-0.04,0
21,21,22,2,2,1,6,2,7,21,21,26,10,4,1,7,4,6,-0.5,0
22,22,29,2,2,1,5,7,8,22,22,22,5,4,2,7,10,8,-0.01,0
16,1,30,3,2,6,6,6,4,19,1,27,1,1,6,6,1,5,-0.46,0
19,1,24,3,2,2,4,3,4,18,1,29,8,2,2,4,7,7,0.29,1
16,1,21,3,4,1,1,3,5,19,1,28,8,2,2,6,7,7,-0.1,1
16,1,22,3,3,1,6,9,5,19,2,28,8,2,2,6,7,7,-0.27,0
9,1,30,3,3,2,6,3,6,10,1,23,8,2,1,3,7,7,-0.05,0
18,1,22,3,2,1,6,3,7,20,1,25,3,2,2,5,3,7,0.22,1
21,1,33,3,4,2,6,2,7,21,1,24,5,6,4,6,7,10,0.01,1
10,1,30,3,4,3,7,2,7,9,1,23,3,2,1,4,3,5,0.04,1
14,1,21,3,2,2,3,12,8,14,1,36,7,2,4,5,2,6,-0.35,0
21,2,27,3,2,6,5,2,2,21,2,32,1,2,4,5,2,3,0.41,1
16,2,21,3,4,1,1,3,5,19,2,25,8,4,1,3,7,6,-0.23,0
18,2,33,3,2,1,4,7,6,20,2,29,8,3,2,5,7,9,0.24,1
10,2,30,3,4,3,7,2,7,9,1,25,5,4,2,4,2,8,0.33,1
20,2,24,3,2,3,3,3,7,20,2,23,8,2,2,3,6,3,-0.07,0
14,2,21,3,2,2,3,12,8,14,2,32,9,2,3,3,2,7,-0.3,0
10,3,21,3,2,5,7,2,2,10,3,22,5,2,6,5,6,1,-0.36,0
10,3,29,3,6,4,6,6,4,10,3,21,1,2,5,6,14,9,-0.34,0
10,3,20,3,6,1,3,11,4,10,3,22,7,2,4,6,4,6,0.3,1
21,3,27,3,2,1,6,2,5,21,3,26,3,1,1,6,10,1,0.18,1
16,3,22,3,3,1,6,9,5,19,5,27,1,1,6,6,1,5,-0.23,1
15,3,29,3,1,2,6,2,6,15,3,25,13,6,1,6,2,4,-0.12,0
9,3,26,3,3,3,7,2,6,9,3,27,16,2,2,6,2,6,0.31,1
19,3,25,3,2,2,7,3,6,18,3,26,8,2,5,4,7,3,0.34,1
10,3,24,3,2,1,3,2,6,9,3,23,3,2,1,4,3,5,-0.12,1
16,3,27,3,2,2,6,7,7,19,3,23,1,2,1,5,1,3,-0.47,0
18,3,22,3,2,1,6,3,7,20,3,30,8,2,1,2,10,8,-0.1,1
18,3,24,3,6,2,6,3,7,20,3,25,3,2,2,5,3,7,0.38,1
21,4,26,3,1,1,6,10,1,21,4,28,8,4,1,4,7,7,0.18,1
8,4,25,3,3,6,4,3,3,6,3,24,8,2,2,2,13,7,0.55,1
10,4,21,3,2,1,5,3,3,10,4,22,5,2,6,5,6,1,-0.09,1
5,4,26,3,2,1,7,2,6,5,4,26,8,4,1,4,8,7,-0.1,0
9,4,26,3,3,3,7,2,6,9,4,33,7,6,6,4,10,5,0.44,1
9,4,34,3,4,2,2,2,9,10,4,29,8,4,1,5,4,5,-0.17,0
21,5,26,3,1,1,6,10,1,21,5,27,10,4,1,3,4,6,-0.2,0
10,5,21,3,2,5,7,2,2,10,5,21,5,2,1,3,5,5,-0.15,0
10,5,21,3,2,1,5,3,3,10,5,21,4,2,1,3,4,6,0.71,1
15,5,29,3,1,2,6,2,6,15,5,30,10,1,1,6,2,9,-0.3,0
19,5,24,3,2,1,3,2,7,16,5,27,3,2,2,6,7,7,0.31,1
21,6,27,3,2,6,5,2,2,21,6,23,10,4,2,5,2,5,0.47,1
16,6,30,3,2,6,6,6,4,19,7,28,4,2,2,6,4,6,-0.24,0
20,6,32,3,2,6,7,15,5,20,6,25,7,4,1,1,2,6,0,0
16,6,22,3,3,1,6,9,5,19,9,30,1,4,2,6,1,7,-0.04,0
19,6,25,3,2,2,7,3,6,18,6,29,2,4,3,4,7,6,-0.22,0
15,6,29,3,1,2,6,2,6,15,6,34,10,4,2,6,2,7,-0.12,0
18,6,22,3,2,2,7,2,6,18,6,32,10,2,1,4,2,6,-0.28,0
9,6,26,3,3,3,7,2,6,9,6,25,6,6,4,2,2,7,0.67,1
18,6,33,3,2,1,4,7,6,20,6,27,8,2,5,7,9,6,0.01,1
21,6,33,3,4,2,6,2,7,21,6,27,5,4,1,4,7,5,-0.29,0
18,6,22,3,2,1,6,3,7,20,8,27,8,2,1,4,6,5,-0.02,1
19,7,26,3,2,2,7,3,4,18,7,29,2,4,3,4,7,6,-0.36,0
16,7,30,3,2,6,6,6,4,19,8,28,8,2,5,5,7,7,-0.29,0
16,7,22,3,3,1,6,9,5,19,10,23,5,4,2,7,5,6,-0.07,0
19,7,25,3,2,2,7,3,6,18,7,24,13,3,2,7,9,6,-0.01,1
9,7,30,3,3,2,6,3,6,10,8,27,5,6,1,4,7,2,0.63,1
16,7,27,3,2,2,6,7,7,19,7,23,1,1,6,4,1,7,-0.27,0
18,7,24,3,2,1,4,3,7,20,9,27,8,2,1,4,6,5,0.53,1
18,7,22,3,2,1,6,3,7,20,9,27,8,3,3,4,7,6,0.6,1
21,8,26,3,1,1,6,10,1,21,8,24,3,3,3,4,2,6,0.72,1
8,8,29,3,2,1,5,3,5,6,6,26,8,2,2,4,7,8,0.71,1
9,8,22,3,6,3,7,2,5,9,8,33,7,6,6,4,10,5,-0.12,0
16,8,22,3,3,1,6,9,5,19,11,28,4,2,2,6,4,6,-0.07,0
16,9,27,3,4,1,4,2,3,19,10,23,1,2,1,5,1,3,-0.41,0
16,9,30,3,2,6,6,6,4,19,10,30,8,2,1,6,2,8,-0.18,0
21,9,27,3,2,1,6,2,5,21,9,24,7,2,2,6,2,6,0.42,1
16,9,22,3,3,1,6,9,5,19,12,28,8,2,5,5,7,7,-0.06,0
14,9,28,3,2,1,7,12,6,14,9,30,8,2,1,4,7,7,0.61,1
20,9,24,3,2,3,3,3,7,20,9,25,13,6,1,5,6,10,-0.22,0
16,9,27,3,2,2,6,7,7,19,10,25,8,4,1,3,7,6,-0.01,0
18,9,24,3,6,2,6,3,7,20,11,27,8,3,3,4,7,6,0.33,1
10,10,35,3,4,2,4,4,5,10,10,24,8,2,1,6,7,4,-0.11,0
18,10,22,3,2,2,7,2,6,18,10,25,14,4,1,4,6,5,0.73,1
16,10,27,3,2,2,6,7,7,19,12,27,1,1,6,6,1,5,0.02,0
19,11,26,3,2,2,7,3,4,18,11,24,1,2,2,5,1,6,-0.22,1
20,11,32,3,2,6,7,15,5,20,11,27,8,3,1,5,7,5,0.32,1
16,11,22,3,3,1,6,9,5,19,14,30,8,2,1,6,2,8,-0.28,0
18,11,22,3,2,1,6,3,7,20,13,27,8,2,2,5,10,5,0.54,1
21,12,26,3,1,1,6,10,1,21,12,34,10,2,2,5,2,5,0.31,1
16,12,30,3,2,6,6,6,4,19,13,24,3,2,1,3,2,7,-0.15,0
20,12,32,3,2,6,7,15,5,20,12,22,2,2,6,6,2,3,-0.07,0
16,12,21,3,4,1,1,3,5,19,14,23,1,2,1,5,1,3,-0.57,0
14,12,28,3,2,1,7,12,6,14,12,26,9,2,6,7,2,7,-0.27,0
19,12,25,3,2,2,7,3,6,18,12,27,8,2,1,5,7,4,-0.09,1
19,12,24,3,2,1,3,2,7,16,11,27,3,4,1,4,2,3,-0.11,0
18,12,24,3,6,2,6,3,7,20,14,29,8,2,6,5,7,6,-0.26,0
14,12,21,3,2,2,3,12,8,14,12,23,15,2,2,4,6,5,-0.13,0
21,13,27,3,2,6,5,2,2,21,13,24,4,3,5,6,4,5,0.02,0
19,13,24,3,2,2,4,3,4,18,12,23,5,2,2,6,2,7,-0.04,0
15,13,29,3,1,2,6,2,6,15,13,25,5,3,2,4,5,4,-0.05,0
21,14,29,3,2,6,6,10,1,21,14,24,5,6,4,6,7,10,-0.09,0
16,14,30,3,2,6,6,6,4,19,15,23,1,1,6,4,1,7,-0.15,0
16,14,21,3,4,1,1,3,5,19,16,24,3,2,1,3,2,7,-0.17,1
18,14,24,3,6,2,6,3,7,20,16,29,8,3,2,5,7,9,-0.17,0
21,15,26,3,1,1,6,10,1,21,15,28,13,1,1,2,7,6,-0.2,1
16,15,27,3,4,1,4,2,3,19,17,25,8,4,1,3,7,6,0,0
16,15,30,3,2,6,6,6,4,19,17,28,8,2,2,6,7,7,-0.41,0
21,16,26,3,1,1,6,10,1,21,16,27,5,4,1,4,7,5,-0.27,0
16,16,30,3,2,6,6,6,4,19,18,25,8,4,1,3,7,6,-0.15,0
20,16,32,3,2,6,7,15,5,20,16,25,10,1,2,4,7,5,0.02,1
16,16,22,3,3,1,6,9,5,19,19,23,1,1,6,4,1,7,-0.16,0
19,16,25,3,2,2,7,3,6,18,15,23,5,2,2,5,7,7,-0.06,1
18,16,22,3,2,1,6,3,7,20,18,27,8,2,5,7,9,6,0.43,1
20,17,32,3,2,6,7,15,5,20,17,31,8,1,1,5,9,6,0.59,1
19,17,25,3,2,2,7,3,6,18,16,23,5,2,2,6,2,7,-0.06,0
19,18,26,3,2,2,7,3,4,18,17,23,5,2,2,6,2,7,-0.07,0
19,18,25,3,2,2,7,3,6,18,17,22,5,2,5,5,7,6,-0.1,0
18,18,24,3,6,2,6,3,7,20,20,27,8,2,5,7,9,6,0.37,1
20,19,32,3,2,6,7,15,5,20,19,25,8,2,1,7,9,5,0.38,1
21,19,27,3,2,1,6,2,5,21,19,24,4,3,5,6,4,5,0.56,1
21,19,33,3,4,2,6,2,7,21,19,24,3,3,3,4,2,6,0.5,1
15,1,29,4,4,1,4,4,4,15,1,29,8,4,3,2,7,5,0.56,1
10,1,22,4,1,1,5,2,4,10,1,25,1,4,1,6,1,4,0.54,1
15,1,30,4,4,2,5,4,5,15,1,28,8,2,3,2,7,6,0.04,1
15,2,29,4,4,1,4,4,4,15,2,28,8,2,3,2,7,6,0.26,1
10,2,21,4,2,1,3,4,6,10,2,21,13,2,1,1,10,7,0.62,1
21,2,24,4,4,2,6,4,6,21,2,25,10,2,3,4,2,7,-0.06,1
21,3,24,4,3,5,6,4,5,21,3,24,3,3,3,4,2,6,-0.22,1
21,3,24,4,4,2,6,4,6,21,3,28,8,3,2,5,7,6,-0.11,0
22,3,25,4,4,2,7,4,6,22,3,30,8,2,1,6,7,7,-0.36,1
15,4,29,4,4,1,4,4,4,15,4,20,13,4,5,6,13,10,0.01,0
21,4,24,4,3,5,6,4,5,21,4,25,10,2,3,4,2,7,0.63,1
10,4,22,4,1,1,4,4,6,10,4,34,8,2,2,4,7,9,-0.34,0
22,4,25,4,4,2,7,4,6,22,4,32,5,2,1,4,7,6,0.37,1
21,5,24,4,3,5,6,4,5,21,5,28,8,3,2,5,7,6,0.06,1
19,5,28,4,2,2,6,4,6,16,4,25,2,2,1,6,7,7,-0.2,1
22,5,25,4,4,2,7,4,6,22,5,28,8,2,1,7,7,5,0.16,1
21,6,24,4,3,5,6,4,5,21,6,24,5,6,4,6,7,10,-0.33,0
22,6,25,4,4,2,7,4,6,22,6,23,5,4,2,5,7,8,0.33,1
21,7,24,4,3,5,6,4,5,21,7,34,10,2,2,5,2,5,0.23,1
21,8,24,4,3,5,6,4,5,21,8,26,10,2,2,4,2,4,0.06,1
22,8,25,4,4,2,7,4,6,22,8,22,1,2,1,4,1,7,0.2,1
21,9,24,4,4,2,6,4,6,21,9,27,5,4,1,4,7,5,-0.58,0
22,9,25,4,4,2,7,4,6,22,9,29,2,2,1,5,7,8,0.51,1
10,9,21,4,2,1,3,4,6,10,9,19,16,3,1,3,1,4,0.77,1
21,10,24,4,3,5,6,4,5,21,10,28,13,1,1,2,7,6,0.43,1
10,10,21,4,2,1,3,4,6,10,10,20,3,6,1,3,11,4,0.34,1
22,11,25,4,4,2,7,4,6,22,11,23,5,4,3,7,7,7,-0.2,0
22,12,25,4,4,2,7,4,6,22,12,30,8,2,2,4,7,8,0.02,1
22,17,25,4,4,2,7,4,6,22,17,26,5,4,1,2,5,6,-0.27,1
22,18,25,4,4,2,7,4,6,22,18,30,8,2,2,3,7,6,0.3,1
21,18,24,4,4,2,6,4,6,21,18,28,8,4,1,4,7,7,-0.13,1
21,19,24,4,4,2,6,4,6,21,19,27,10,4,1,3,4,6,-0.3,0
22,19,25,4,4,2,7,4,6,22,19,24,5,6,3,5,5,9,-0.17,1
22,20,25,4,4,2,7,4,6,22,20,25,5,4,2,7,2,7,-0.15,1
10,1,22,5,2,6,5,6,1,10,1,21,13,2,1,1,10,7,-0.42,1
5,1,24,5,4,1,6,2,5,5,1,26,8,4,1,4,8,7,-0.15,0
10,1,18,5,4,2,5,4,5,10,1,19,16,3,1,3,1,4,-0.33,0
10,1,21,5,2,1,3,5,5,10,1,20,3,6,1,3,11,4,0.44,1
22,1,23,5,4,2,7,7,6,22,1,24,5,6,3,5,5,9,0.28,1
22,1,32,5,2,1,4,7,6,22,1,26,11,2,1,3,9,6,0.33,1
15,1,27,5,3,1,4,5,7,15,1,29,3,1,2,6,2,6,-0.2,0
6,1,27,5,6,1,7,4,7,6,1,24,10,4,1,6,2,4,-0.31,0
15,2,26,5,2,1,4,5,4,15,2,20,13,4,5,6,13,10,-0.14,0
10,2,18,5,4,2,5,4,5,10,2,20,3,6,1,3,11,4,-0.37,0
21,2,23,5,1,1,4,7,5,21,2,24,7,2,2,6,2,6,-0.18,0
10,2,28,5,2,1,5,5,5,9,2,34,3,4,2,2,2,9,0.57,1
18,2,26,5,4,2,7,5,5,18,2,27,10,2,2,5,2,8,0.42,1
6,2,24,5,4,2,6,2,6,8,4,29,3,2,1,5,3,5,-0.55,0
6,2,27,5,6,1,7,4,7,6,2,27,15,2,2,7,2,5,0.03,0
6,2,23,5,2,2,5,7,7,7,2,26,10,2,5,4,2,4,0.59,1
22,2,24,5,2,1,7,2,7,22,2,26,8,3,2,7,2,5,0.36,1
9,2,22,5,4,1,7,10,7,10,2,23,8,2,1,3,7,7,0.08,1
10,2,24,5,4,1,7,2,7,10,2,22,4,1,1,5,2,4,0.44,1
21,2,32,5,2,1,3,2,8,21,2,24,4,3,5,6,4,5,-0.07,0
6,2,33,5,4,4,6,2,8,6,2,29,8,4,1,4,7,5,-0.44,1
22,3,22,5,4,2,4,5,5,22,3,23,5,4,3,7,7,7,-0.14,0
10,3,21,5,2,1,3,5,5,10,3,21,13,2,1,1,10,7,-0.31,0
9,3,25,5,4,2,4,2,8,10,4,24,3,2,1,3,2,6,-0.06,0
22,3,24,5,6,3,5,5,9,22,3,24,15,2,2,4,3,6,-0.4,0
15,4,26,5,2,1,4,5,4,15,4,24,6,4,1,5,2,5,-0.07,0
10,4,18,5,4,2,5,4,5,10,4,21,13,2,1,1,10,7,-0.41,0
18,4,26,5,4,2,7,5,5,18,4,21,7,2,1,4,2,6,0.52,1
10,4,28,5,2,1,5,5,5,9,4,36,9,1,2,6,2,8,-0.09,1
6,4,24,5,4,2,6,2,6,8,6,25,3,3,6,4,3,3,-0.13,1
20,4,23,5,4,3,6,7,7,18,2,21,9,4,2,6,2,5,0.05,1
10,4,24,5,4,1,7,2,7,10,4,28,8,4,2,6,7,7,0.5,1
22,4,24,5,4,1,7,5,8,22,4,23,5,4,2,7,7,6,-0.33,0
10,5,27,5,6,1,4,7,2,9,5,36,9,1,2,6,2,8,0.48,1
18,5,26,5,4,2,7,5,5,18,5,25,1,1,2,7,1,5,0.03,0
10,5,18,5,4,2,5,4,5,10,5,21,8,2,1,4,10,7,-0.22,0
21,5,23,5,1,1,4,7,5,21,5,23,10,4,2,5,2,5,-0.06,1
18,5,29,5,2,1,5,2,6,18,5,27,10,2,2,5,2,8,0.45,1
6,5,24,5,4,2,6,2,6,8,7,22,11,2,5,4,11,5,-0.09,1
6,5,27,5,6,1,7,4,7,6,5,55,6,4,6,7,6,10,-0.11,0
10,5,24,5,4,1,7,2,7,10,5,35,3,4,2,4,4,5,0.51,1
6,6,26,5,4,1,3,7,3,7,7,26,10,2,5,4,2,4,-0.46,0
7,6,23,5,4,1,5,2,5,6,5,26,5,4,1,3,7,3,-0.16,0
10,6,28,5,2,1,5,5,5,9,5,25,5,4,2,4,2,8,-0.07,0
18,6,24,5,2,1,6,5,5,18,6,32,10,3,2,4,4,7,0.76,1
10,6,21,5,2,1,3,5,5,10,6,21,3,2,1,5,3,3,-0.13,1
14,6,25,5,2,1,3,10,6,14,6,27,9,4,5,7,2,3,-0.21,0
22,6,24,5,2,1,7,4,6,22,6,22,5,4,2,7,10,8,-0.2,0
22,6,32,5,2,1,4,7,6,22,6,24,11,6,1,4,11,1,-0.3,0
18,6,29,5,2,1,5,2,6,18,6,26,8,2,1,5,7,6,-0.57,1
6,6,24,5,4,2,6,2,6,8,8,28,11,2,4,2,11,5,-0.3,0
18,6,23,5,2,2,5,7,7,19,7,33,14,1,2,7,6,6,-0.16,0
6,6,23,5,2,2,5,7,7,7,7,26,10,2,5,4,2,7,0.61,1
22,6,24,5,4,1,7,5,8,22,6,24,15,2,2,4,3,6,-0.07,0
15,7,26,5,2,1,4,5,4,15,7,32,15,6,2,2,6,6,-0.19,0
7,7,23,5,4,1,5,2,5,6,6,27,6,4,3,4,6,6,0.48,1
10,7,28,5,2,1,5,5,5,9,6,30,3,3,2,6,3,6,0.37,1
21,7,23,5,1,1,4,7,5,21,7,33,3,4,2,6,2,7,-0.41,0
22,7,26,5,4,1,2,5,6,22,7,30,15,3,5,5,6,3,0,0
22,7,23,5,4,2,7,7,6,22,7,30,8,2,1,6,7,7,-0.2,1
14,7,25,5,2,1,3,10,6,14,7,21,9,2,2,2,2,7,0.57,1
15,7,27,5,3,1,4,5,7,15,7,29,8,4,3,2,7,5,-0.02,0
10,8,22,5,2,6,5,6,1,10,8,19,16,3,1,3,1,4,-0.24,1
21,8,23,5,1,1,4,7,5,21,8,25,9,6,1,6,2,6,0.1,1
18,8,24,5,2,1,6,5,5,18,8,26,5,4,2,7,5,5,0.6,1
18,8,29,5,2,1,5,2,6,18,8,25,1,1,2,7,1,5,-0.36,0
22,8,26,5,4,1,2,5,6,22,8,22,5,4,2,7,10,8,0.03,0
22,8,32,5,2,1,4,7,6,22,8,23,5,4,2,7,7,6,0.02,0
22,8,24,5,2,1,7,4,6,22,8,22,1,2,1,6,1,5,-0.14,1
18,8,23,5,2,2,5,7,7,19,9,25,15,4,2,7,6,4,-0.26,0
9,8,22,5,4,1,7,10,7,10,9,27,5,6,1,4,7,2,-0.35,0
10,8,25,5,2,5,7,5,9,10,8,26,1,3,2,7,1,5,0.21,1
10,9,22,5,2,6,5,6,1,10,9,20,3,6,1,3,11,4,-0.24,1
15,9,26,5,2,1,4,5,4,15,9,30,10,6,2,4,2,7,0.54,1
10,9,18,5,4,2,5,4,5,10,9,20,6,3,5,4,6,3,-0.31,0
22,9,22,5,4,2,4,5,5,22,9,26,5,4,1,2,5,6,-0.15,1
18,9,29,5,2,1,5,2,6,18,9,39,11,2,4,4,2,5,-0.16,0
18,9,22,5,2,5,5,7,6,19,10,24,14,2,5,4,6,2,-0.14,0
18,9,23,5,2,2,6,2,7,19,10,25,15,4,2,7,6,4,0.01,0
9,9,25,5,4,2,4,2,8,10,10,23,8,2,1,3,7,7,-0.33,1
10,10,21,5,2,1,3,5,5,10,10,19,16,3,1,3,1,4,0.1,1
21,10,23,5,1,1,4,7,5,21,10,24,4,4,2,6,4,6,-0.32,1
14,10,27,5,2,3,5,2,5,14,10,29,9,4,1,4,2,4,0.53,1
22,10,32,5,2,1,4,7,6,22,10,24,15,2,2,4,3,6,-0.06,0
18,10,29,5,2,1,5,2,6,18,10,30,8,6,1,3,2,5,0.17,1
18,10,22,5,2,5,5,7,6,19,11,25,15,4,2,7,6,4,-0.12,0
15,10,27,5,3,1,4,5,7,15,10,20,13,4,5,6,13,10,0,0
22,10,23,5,4,2,5,7,8,22,10,23,5,4,2,7,7,6,-0.03,1
22,10,24,5,6,3,5,5,9,22,10,22,5,4,2,7,10,8,0.26,1
22,11,22,5,4,2,4,5,5,22,11,24,5,6,3,5,5,9,0.43,1
21,11,23,5,1,1,4,7,5,21,11,27,10,4,2,7,2,6,0.34,1
22,11,23,5,4,2,7,7,6,22,11,23,5,4,1,7,4,5,-0.12,0
22,11,26,5,4,1,2,5,6,22,11,27,9,4,2,4,10,9,0.48,1
18,12,24,5,2,1,6,5,5,18,12,28,6,2,5,5,6,5,0.55,1
22,12,26,5,4,1,2,5,6,22,12,23,15,2,5,7,6,2,0,0
22,12,23,5,4,2,7,7,6,22,12,22,1,2,1,4,1,7,0.02,0
20,12,23,5,4,3,6,7,7,18,10,27,3,2,1,7,3,4,-0.17,0
22,12,24,5,2,1,7,2,7,22,12,23,15,2,2,6,6,2,0.02,0
15,12,27,5,3,1,4,5,7,15,12,24,6,4,1,5,2,5,-0.15,0
22,12,24,5,4,1,7,5,8,22,12,30,15,3,5,5,6,3,-0.48,0
22,13,23,5,4,1,7,4,5,22,13,24,15,2,2,4,3,6,-0.14,0
15,14,26,5,2,1,4,5,4,15,14,29,8,4,3,2,7,5,0.11,1
15,14,25,5,3,2,4,5,4,15,14,30,10,6,2,4,2,7,0.12,1
18,14,26,5,4,2,7,5,5,18,14,32,10,2,1,4,2,6,-0.15,0
21,14,23,5,1,1,4,7,5,21,14,24,9,2,2,5,2,3,-0.21,0
22,14,26,5,4,1,2,5,6,22,14,26,11,2,1,3,9,6,-0.16,0
22,14,32,5,2,1,4,7,6,22,14,28,6,4,2,4,16,6,0.36,1
18,14,23,5,2,2,5,7,7,19,15,25,9,2,2,5,2,7,0.42,1
15,15,26,5,2,1,4,5,4,15,15,28,8,2,3,2,7,6,0.08,1
22,15,23,5,4,2,7,7,6,22,15,23,5,4,3,7,7,7,-0.05,0
18,15,22,5,2,5,5,7,6,19,16,33,6,2,3,4,6,4,0.01,0
22,15,24,5,4,1,7,5,8,22,15,22,1,2,1,6,1,5,-0.04,0
18,16,23,5,2,2,5,7,7,19,17,26,3,2,2,7,3,4,-0.28,0
21,17,23,5,1,1,4,7,5,21,17,26,3,1,1,6,10,1,-0.44,1
22,17,32,5,2,1,4,7,6,22,17,22,5,4,2,7,10,8,-0.58,0
18,17,29,5,2,1,5,2,6,18,17,32,10,2,1,4,2,6,-0.15,0
20,17,23,5,4,3,6,7,7,18,15,26,13,3,3,4,9,5,-0.11,0
18,17,23,5,2,2,5,7,7,19,18,26,6,2,5,4,6,3,0.18,1
21,18,23,5,1,1,4,7,5,21,18,26,6,2,1,6,2,3,-0.06,1
18,18,24,5,2,1,6,5,5,18,18,22,3,2,2,7,2,6,0.44,1
18,18,22,5,2,5,5,7,6,19,19,26,3,2,2,7,3,4,-0.28,0
21,19,23,5,1,1,4,7,5,21,19,23,11,2,2,4,11,8,-0.1,1
22,19,32,5,2,1,4,7,6,22,19,22,1,2,1,6,1,5,-0.2,0
22,19,26,5,4,1,2,5,6,22,19,24,11,6,1,4,11,1,-0.16,0
22,19,23,5,4,2,5,7,8,22,19,22,5,4,2,7,10,8,0.01,0
21,20,27,5,4,1,4,7,5,21,20,28,13,3,1,6,2,10,-0.02,0
22,20,23,5,4,1,7,4,5,22,20,22,5,4,2,7,10,8,0.18,1
20,20,23,5,4,3,6,7,7,18,18,29,9,6,2,4,6,9,0.06,1
21,21,23,5,1,1,4,7,5,21,21,28,13,3,1,6,2,10,-0.15,0
21,21,27,5,4,1,4,7,5,21,21,32,1,2,4,5,2,3,-0.14,0
22,21,24,5,2,1,7,4,6,22,21,24,15,2,2,4,3,6,-0.09,0
22,21,26,5,4,1,2,5,6,22,21,23,5,4,2,7,7,6,-0.45,0
22,21,24,5,2,1,7,2,7,22,21,28,11,6,1,7,9,5,-0.27,0
10,1,30,6,3,1,6,2,2,10,1,24,8,2,1,6,7,4,-0.02,0
19,1,28,6,2,1,4,6,4,18,1,27,8,2,1,5,7,5,0.08,1
16,1,36,6,2,4,7,2,5,16,1,27,7,2,1,6,2,5,0.32,1
6,1,55,6,4,6,7,6,10,6,1,33,8,4,1,3,7,5,-0.35,0
16,2,36,6,2,4,7,2,5,16,2,29,8,1,2,5,8,6,-0.04,0
19,2,22,6,2,1,7,6,6,18,2,27,8,2,1,5,7,4,0,0
6,3,55,6,4,6,7,6,10,6,3,33,5,4,4,6,2,8,-0.17,0
19,4,33,6,2,3,4,6,4,18,4,29,2,4,3,4,7,6,-0.02,0
19,4,24,6,2,2,4,6,6,18,3,23,5,2,2,5,7,7,0.1,1
18,4,34,6,2,2,7,2,6,18,4,32,10,2,1,4,2,6,0.02,0
10,5,20,6,3,5,4,6,3,10,5,22,1,6,1,3,1,6,0.4,1
16,5,36,6,2,4,7,2,5,16,5,22,2,2,1,4,2,3,-0.21,0
19,5,22,6,2,1,7,6,6,18,4,27,8,4,1,6,7,6,0.29,1
10,6,20,6,3,5,4,6,3,10,6,22,5,2,6,5,6,1,-0.36,0
18,6,28,6,2,5,5,6,5,18,6,27,10,2,2,5,2,8,0.53,1
19,6,22,6,2,1,7,6,6,18,5,23,5,2,2,5,7,7,-0.02,0
19,6,24,6,2,2,4,6,6,18,5,22,5,2,5,5,7,6,0,0
18,7,26,6,2,2,6,9,2,20,8,29,8,2,6,5,7,6,-0.18,0
10,7,20,6,3,5,4,6,3,10,7,21,4,2,1,3,4,6,0.53,1
18,7,34,6,2,2,7,2,6,18,7,28,14,2,2,6,6,6,0.53,1
10,8,20,6,3,5,4,6,3,10,8,21,5,2,1,3,5,5,0,1
19,8,22,6,2,1,7,6,6,18,7,22,5,2,5,5,7,6,-0.14,1
22,8,28,6,4,2,4,16,6,22,8,25,5,4,2,7,2,7,-0.12,0
18,8,34,6,2,2,7,2,6,18,8,25,14,4,1,4,6,5,0.63,1
18,9,26,6,2,2,6,9,2,20,10,29,8,3,2,5,7,9,-0.18,0
21,9,26,6,2,1,6,2,3,21,9,24,3,3,3,4,2,6,0.14,1
18,9,28,6,2,5,5,6,5,18,9,25,1,1,2,7,1,5,-0.02,0
18,9,34,6,2,2,7,2,6,18,9,28,8,4,2,6,7,5,0.21,1
22,9,28,6,4,2,4,16,6,22,9,22,5,4,1,5,1,7,0.67,1
21,10,26,6,2,1,6,2,3,21,10,25,10,2,3,4,2,7,0.73,1
21,12,26,6,2,1,6,2,3,21,12,24,5,6,4,6,7,10,-0.19,0
18,12,34,6,2,2,7,2,6,18,12,21,7,2,1,4,2,6,0.36,1
18,13,34,6,2,2,7,2,6,18,13,25,1,1,2,7,1,5,0.02,1
22,13,28,6,4,2,4,16,6,22,13,30,8,2,1,6,7,7,0.23,1
16,14,36,6,2,4,7,2,5,16,14,22,10,2,2,4,10,7,-0.15,0
19,15,28,6,2,1,4,6,4,18,14,22,5,2,5,5,7,6,-0.02,0
19,15,22,6,2,1,7,6,6,18,14,29,2,4,3,4,7,6,-0.18,0
18,16,26,6,2,2,6,9,2,20,17,25,3,2,2,5,3,7,0.52,1
16,16,36,6,2,4,7,2,5,16,16,28,10,2,2,6,2,6,0.01,0
18,16,28,6,2,5,5,6,5,18,16,28,1,2,3,3,1,8,0.61,1
22,17,28,6,4,2,4,16,6,22,17,23,5,4,1,7,4,5,-0.04,0
19,19,24,6,2,2,4,6,6,18,18,27,8,2,1,5,7,4,-0.34,0
19,19,22,6,2,1,7,6,6,18,18,24,1,2,2,5,1,6,0.08,1
22,22,28,6,4,2,4,16,6,22,22,30,8,2,2,4,7,8,0.52,1
16,1,28,7,4,2,6,2,6,16,1,26,9,2,4,3,2,2,0.49,1
21,1,24,7,2,2,6,2,6,21,1,27,5,4,1,4,7,5,0.17,1
9,4,32,7,2,4,5,1,2,9,4,34,10,2,2,6,7,7,0.54,1
20,4,25,7,4,1,1,2,6,20,4,26,8,2,1,3,7,7,0.2,1
16,4,28,7,4,2,6,2,6,16,4,28,10,2,1,6,2,6,0.44,1
9,5,34,7,2,3,7,6,4,9,5,25,6,6,4,2,2,7,0.6,1
20,5,25,7,4,1,1,2,6,20,5,23,8,2,2,3,6,3,-0.2,0
16,6,27,7,2,1,6,2,5,16,6,24,13,2,1,5,2,7,-0.59,0
18,6,21,7,2,1,4,2,6,18,6,29,9,2,5,6,7,5,0.8,1
20,8,28,7,2,2,4,2,7,20,8,25,7,4,1,1,2,6,-0.15,0
9,9,34,7,2,3,7,6,4,9,9,33,8,6,2,3,7,5,-0.09,0
16,9,27,7,2,1,6,2,5,16,9,27,13,4,1,4,2,5,0.25,1
21,9,22,7,2,2,6,2,6,21,9,24,5,6,4,6,7,10,-0.25,0
20,10,30,7,2,4,5,2,4,20,10,26,10,2,5,4,2,3,0.18,1
16,11,28,7,4,2,6,2,6,16,11,29,8,2,1,4,7,8,0.78,1
21,11,24,7,2,2,6,2,6,21,11,27,10,4,1,3,4,6,0.35,1
20,12,25,7,4,1,1,2,6,20,12,25,13,6,1,5,6,10,-0.34,0
16,13,31,7,2,4,5,2,5,16,13,30,13,2,3,6,6,6,0.1,1
18,14,21,7,2,1,4,2,6,18,14,22,3,2,2,7,2,6,0.52,1
21,14,24,7,2,2,6,2,6,21,14,24,3,3,3,4,2,6,0.53,1
20,14,28,7,2,2,4,2,7,20,14,22,2,2,6,6,2,3,-0.05,0
21,15,24,7,2,2,6,2,6,21,15,25,10,2,3,4,2,7,0.22,1
18,16,21,7,2,1,4,2,6,18,16,23,11,2,1,3,9,4,0.72,1
20,17,30,7,2,4,5,2,4,20,17,26,8,4,1,4,7,7,0.49,1
20,18,30,7,2,4,5,2,4,20,18,26,8,2,1,3,7,7,0.6,1
20,19,30,7,2,4,5,2,4,20,19,23,8,2,2,3,6,3,0.45,1
6,1,29,8,4,2,6,7,2,6,1,23,10,4,2,7,10,5,-0.02,0
11,1,26,8,2,2,4,7,3,14,1,28,11,2,4,6,11,4,-0.23,0
19,1,24,8,2,6,6,2,3,16,1,27,3,2,2,6,7,7,-0.02,0
18,1,26,8,2,5,4,7,3,19,1,33,6,2,3,4,6,4,0.6,1
20,1,27,8,2,2,5,10,5,18,1,33,3,2,1,4,7,6,0.18,1
18,1,29,8,2,6,1,7,5,19,1,25,9,2,2,5,2,7,-0.49,1
20,1,27,8,3,1,5,7,5,20,1,26,10,2,5,4,2,3,0.11,1
10,1,29,8,4,4,5,7,5,10,1,26,8,2,2,4,7,6,0.71,1
18,1,26,8,4,1,5,7,5,20,1,25,8,4,2,5,10,5,0.24,1
10,1,24,8,4,6,4,7,6,10,1,21,5,2,2,3,2,6,-0.07,0
20,1,29,8,2,6,5,7,6,18,1,32,10,2,3,2,4,5,-0.1,0
18,1,35,8,3,2,6,7,6,18,1,21,7,2,1,4,2,6,0.72,1
20,1,26,8,4,1,5,7,6,18,1,26,13,3,3,4,9,5,0.3,1
16,1,21,8,4,1,6,7,6,19,1,25,8,4,1,3,7,6,-0.01,1
16,1,29,8,1,2,5,8,6,16,1,26,8,4,5,5,7,5,0.25,1
20,1,30,8,4,2,4,7,7,18,1,26,6,2,2,6,9,2,-0.07,0
19,1,26,8,2,2,6,7,7,16,1,27,3,4,1,4,2,3,-0.33,0
18,1,29,8,2,2,3,7,8,19,1,25,3,2,2,7,3,6,0.01,1
10,1,34,8,2,2,4,7,9,10,1,24,11,2,1,7,6,5,0.28,1
20,2,25,8,2,1,4,7,2,20,2,30,13,3,1,6,9,5,-0.34,0
6,2,29,8,4,2,6,7,2,6,2,33,8,4,1,3,7,5,-0.43,0
10,2,22,8,2,6,4,7,2,10,2,24,1,4,3,6,10,6,-0.23,0
9,2,26,8,4,1,6,6,2,9,2,33,8,6,2,3,7,5,-0.18,0
9,2,29,8,4,2,4,7,2,9,2,25,6,6,4,2,2,7,0.76,1
11,2,26,8,2,2,4,7,3,14,2,23,11,2,1,4,11,5,-0.08,0
20,2,28,8,3,1,7,7,4,20,2,31,8,1,1,5,9,6,0.37,1
18,2,27,8,2,1,7,2,5,18,2,32,10,2,1,4,2,6,-0.35,0
10,2,29,8,4,1,5,4,5,9,2,29,13,2,2,6,7,5,-0.1,0
18,2,29,8,2,6,1,7,5,19,2,25,3,2,2,7,3,6,-0.28,1
20,2,27,8,2,1,3,1,5,18,2,24,3,6,2,6,3,7,-0.27,1
16,2,26,8,6,5,5,7,6,16,2,26,8,4,5,5,7,5,0.19,1
20,2,27,8,3,3,4,7,6,18,2,29,9,6,2,4,6,9,0.05,1
20,2,30,8,4,2,4,7,7,18,1,21,9,4,2,6,2,5,-0.06,0
10,2,21,8,2,1,4,10,7,10,2,22,5,2,6,5,6,1,-0.28,0
18,2,22,8,4,3,4,7,7,18,2,22,3,2,2,7,2,6,-0.13,0
16,2,27,8,2,6,4,7,7,16,2,27,10,4,2,6,4,4,-0.01,0
19,2,26,8,2,2,6,7,7,16,2,30,3,2,6,6,6,4,-0.49,0
6,2,26,8,2,2,4,7,8,8,2,25,3,3,6,4,3,3,0.47,1
6,3,29,8,4,2,6,7,2,6,3,23,7,2,6,7,6,4,-0.02,0
10,3,28,8,2,6,6,7,3,10,3,28,7,2,1,5,2,5,-0.18,0
19,3,24,8,2,6,6,2,3,16,3,23,11,2,1,5,9,7,-0.02,0
11,3,30,8,4,2,3,7,3,14,5,30,15,6,2,6,6,5,-0.07,0
15,3,30,8,2,2,6,7,4,15,3,25,5,3,2,4,5,4,0.36,1
10,3,27,8,2,1,6,7,5,10,3,23,1,4,1,3,1,4,0.03,0
10,3,29,8,4,4,5,7,5,10,3,24,8,2,1,6,7,4,-0.03,0
6,3,26,8,4,1,5,7,5,6,3,27,5,6,1,7,4,7,-0.34,0
18,3,29,8,2,6,1,7,5,19,3,26,3,2,2,7,3,4,-0.57,0
16,3,27,8,4,5,4,7,5,16,3,22,2,2,1,4,2,3,-0.34,0
20,3,27,8,3,1,5,7,5,20,3,30,13,3,1,6,9,5,0.35,1
14,3,25,8,2,2,4,7,5,14,3,30,9,4,1,6,2,6,0.2,1
15,3,29,8,3,2,4,7,5,15,3,29,4,4,1,4,4,4,0.23,1
16,3,27,8,2,1,3,7,5,16,3,27,8,2,6,4,7,7,0.28,1
20,3,26,8,4,1,5,7,6,18,3,35,9,4,2,5,2,8,-0.4,0
20,3,31,8,1,1,5,9,6,20,3,25,13,6,1,5,6,10,0.49,1
6,3,30,8,2,2,4,7,6,8,3,25,3,3,6,4,3,3,0.34,1
5,3,29,8,2,1,5,7,6,5,3,26,3,2,1,7,2,6,-0.34,1
20,3,26,8,4,1,4,7,7,20,3,25,7,4,1,1,2,6,-0.38,0
10,3,21,8,2,1,4,10,7,10,3,21,4,2,1,3,4,6,0.76,1
6,3,26,8,2,2,4,7,8,8,3,22,11,2,5,4,11,5,0.72,1
18,3,29,8,2,2,3,7,8,19,3,26,6,2,5,4,6,3,0.4,1
20,3,29,8,3,2,5,7,9,18,3,32,10,2,3,2,4,5,0.03,0
6,4,29,8,4,2,6,7,2,6,4,33,5,4,4,6,2,8,-0.28,0
9,4,29,8,4,2,4,7,2,9,4,27,8,6,1,4,7,6,0.17,1
22,4,27,8,1,1,6,7,3,22,4,22,5,4,2,7,10,8,-0.32,0
18,4,26,8,2,5,4,7,3,19,4,26,3,2,2,7,3,4,0.03,0
11,4,30,8,4,2,3,7,3,14,6,27,11,2,1,4,15,3,0.01,0
18,4,27,8,2,1,5,7,4,19,4,24,14,2,5,4,6,2,-0.05,0
20,4,27,8,2,1,4,6,5,18,3,26,6,2,2,6,9,2,0.34,1
6,4,33,8,4,1,3,7,5,6,4,27,15,2,2,7,2,5,-0.03,0
6,4,26,8,4,1,5,7,5,6,4,23,10,4,2,7,10,5,-0.26,0
16,4,26,8,4,5,5,7,5,16,4,22,2,2,1,4,2,3,0.03,0
18,4,29,8,2,6,1,7,5,19,4,26,6,2,5,4,6,3,-0.34,0
14,4,25,8,2,2,4,7,5,14,4,35,3,2,2,6,2,9,0.52,1
20,4,27,8,3,1,5,7,5,20,4,27,8,4,2,6,7,6,0.31,1
10,4,24,8,4,6,4,7,6,10,4,24,8,2,1,6,7,4,0.02,1
5,4,29,8,2,1,5,7,6,5,4,27,8,2,1,7,7,5,0.13,1
20,4,30,8,4,2,4,7,7,18,3,26,8,4,1,5,7,5,-0.19,0
19,4,26,8,2,2,6,7,7,16,3,21,8,4,1,6,7,6,-0.08,1
10,4,21,8,2,1,4,10,7,10,4,21,5,2,1,3,5,5,-0.09,1
20,4,26,8,4,1,4,7,7,20,4,27,10,2,1,2,2,8,0.41,1
6,4,26,8,2,2,4,7,8,8,4,28,11,2,4,2,11,5,0.4,1
18,4,29,8,2,2,3,7,8,19,4,23,9,2,2,5,10,8,0.11,1
6,4,27,8,4,3,2,7,8,8,5,25,3,3,6,4,3,3,0.41,1
6,5,29,8,4,2,6,7,2,6,5,33,7,2,1,4,2,8,0.19,1
18,5,27,8,2,1,5,7,4,19,5,25,15,4,2,7,6,4,-0.05,0
16,5,28,8,4,1,6,7,4,16,5,30,13,2,3,6,6,6,-0.09,0
5,5,28,8,3,1,6,7,4,5,5,26,3,2,1,7,2,6,-0.01,1
6,5,26,8,4,1,5,7,5,6,5,33,8,4,1,3,7,5,-0.25,0
22,5,26,8,3,2,7,2,5,22,5,32,5,2,1,4,7,6,0.57,1
16,5,27,8,2,1,3,7,5,16,5,28,13,2,1,5,2,4,-0.09,1
18,5,29,8,2,6,1,7,5,19,5,23,9,2,2,5,10,8,-0.32,1
18,5,26,8,4,1,5,7,5,20,7,27,8,2,1,4,6,5,0.06,1
10,5,21,8,2,1,3,7,6,10,5,22,5,2,6,5,6,1,0,0
16,5,29,8,1,2,5,8,6,16,5,30,8,1,2,6,7,6,-0.03,1
9,5,27,8,6,1,4,7,6,9,5,23,9,2,1,4,2,5,0.04,1
18,5,27,8,4,1,6,7,6,19,6,33,14,1,2,7,6,6,0.13,1
16,5,21,8,4,1,6,7,6,19,7,30,1,4,2,6,1,7,-0.2,0
19,5,28,8,2,2,6,7,7,16,4,27,9,1,1,6,5,4,-0.02,1
22,5,30,8,2,2,4,7,7,22,5,22,5,4,2,7,10,8,-0.2,0
16,5,27,8,2,6,4,7,7,16,5,26,9,2,4,3,2,2,0.39,1
10,5,28,8,4,2,6,7,7,10,5,34,8,2,2,4,7,9,0.48,1
22,5,30,8,2,2,4,7,8,22,5,22,1,2,1,6,1,5,-0.16,1
9,6,26,8,4,1,6,6,2,9,6,25,10,4,1,6,2,6,-0.06,0
6,6,29,8,4,2,6,7,2,6,6,27,5,6,1,7,4,7,-0.24,0
10,6,22,8,2,6,4,7,2,10,6,29,3,6,4,6,6,4,-0.13,0
19,6,24,8,2,6,6,2,3,16,5,24,1,3,5,6,1,2,-0.23,0
16,6,27,8,2,2,5,9,3,16,6,22,2,2,1,4,2,3,-0.13,0
10,6,28,8,2,5,4,7,4,10,6,22,4,1,1,5,2,4,0.16,1
20,6,27,8,2,1,4,6,5,18,4,24,10,2,2,7,4,6,0.19,1
19,6,38,8,2,2,7,7,5,18,6,27,8,2,1,5,7,4,-0.03,0
10,6,29,8,4,1,5,4,5,9,6,36,9,1,2,6,2,8,-0.11,0
22,6,26,8,3,2,7,2,5,22,6,28,8,2,1,7,7,5,0.07,1
18,6,29,8,2,6,1,7,5,19,6,28,14,2,2,7,6,6,-0.03,1
6,6,33,8,4,1,3,7,5,6,6,29,8,4,1,4,7,5,-0.33,1
20,6,27,8,3,3,4,7,6,18,4,21,9,4,2,6,2,5,-0.14,0
9,6,27,8,6,1,4,7,6,9,6,24,10,4,2,7,2,7,-0.03,0
10,6,21,8,2,1,3,7,6,10,6,21,4,2,1,3,4,6,0.47,1
19,6,26,8,2,2,6,7,7,16,4,22,3,3,1,6,9,5,0.29,1
19,6,28,8,2,2,6,7,7,16,5,24,1,2,1,4,1,5,-0.38,0
10,6,21,8,2,1,4,10,7,10,6,22,7,2,4,6,4,6,0.44,1
11,6,28,8,3,1,4,7,7,14,8,28,11,2,4,6,11,4,0.32,1
6,6,27,8,2,2,2,7,7,8,8,25,3,3,6,4,3,3,0.52,1
20,6,30,8,2,1,2,10,8,18,6,33,9,3,1,6,2,2,0.03,0
22,6,30,8,2,2,4,7,8,22,6,27,9,4,2,4,10,9,0,0
9,7,26,8,4,1,6,6,2,9,7,25,6,6,4,2,2,7,-0.38,1
10,7,28,8,2,6,6,7,3,10,7,26,1,3,2,7,1,5,0.31,1
20,7,25,8,4,2,5,10,5,18,7,27,3,2,1,7,3,4,-0.03,0
18,7,29,8,2,6,1,7,5,19,7,30,9,4,6,4,2,6,-0.03,1
14,7,25,8,2,2,4,7,5,14,7,27,9,4,5,7,2,3,0.33,1
16,7,27,8,2,1,3,7,5,16,7,26,8,4,5,5,7,5,0.01,1
15,7,29,8,3,2,4,7,5,15,7,26,13,2,1,4,7,4,0.3,1
20,7,27,8,3,3,4,7,6,18,5,24,10,2,2,7,4,6,0.18,1
20,7,26,8,4,1,5,7,6,18,6,26,6,2,2,6,9,2,0.02,0
16,7,29,8,1,2,5,8,6,16,7,24,13,2,1,5,2,7,-0.15,0
10,7,21,8,2,1,3,7,6,10,7,21,5,2,1,3,5,5,-0.5,0
20,7,27,8,4,2,6,7,6,20,7,23,10,2,1,7,2,5,0.22,1
16,7,27,8,2,6,4,7,7,16,7,23,10,2,4,6,2,7,-0.26,0
20,8,25,8,2,1,4,7,2,20,8,26,8,2,1,3,7,7,-0.12,0
9,8,29,8,4,2,4,7,2,9,8,27,16,2,2,6,2,6,0.51,1
19,8,24,8,2,6,6,2,3,16,7,27,3,4,1,4,2,3,-0.13,0
11,8,26,8,2,2,4,7,3,14,11,22,1,1,1,7,1,5,-0.27,0
11,8,30,8,4,2,3,7,3,14,11,27,9,4,2,7,7,7,-0.01,0
16,8,28,8,4,1,6,7,4,16,8,23,10,2,4,6,2,7,-0.14,0
15,8,30,8,2,2,6,7,4,15,8,25,13,6,1,6,2,4,0.17,1
10,8,28,8,2,5,4,7,4,10,8,28,8,4,2,6,7,7,0.32,1
20,8,27,8,2,2,5,10,5,18,7,26,9,1,5,6,13,5,-0.43,0
10,8,29,8,4,1,5,4,5,9,7,25,5,4,2,4,2,8,-0.37,0
16,8,27,8,2,1,3,7,5,16,8,36,6,2,4,7,2,5,-0.29,0
22,8,26,8,3,2,7,2,5,22,8,23,5,4,1,7,4,5,-0.18,0
20,8,27,8,2,1,3,1,5,18,8,33,3,2,1,4,7,6,-0.17,1
20,8,27,8,3,1,5,7,5,20,8,26,8,4,1,4,7,7,0.17,1
10,8,29,8,3,2,6,7,5,10,8,29,3,6,4,6,6,4,0.16,1
18,8,29,8,2,6,1,7,5,19,9,24,6,2,2,4,6,6,-0.26,0
20,8,26,8,4,1,5,7,6,18,6,21,9,4,2,6,2,5,-0.07,0
16,8,26,8,6,5,5,7,6,16,8,24,13,2,1,5,2,7,-0.21,0
9,8,27,8,6,1,4,7,6,9,8,26,3,3,3,7,2,6,0.16,1
16,8,30,8,1,2,6,7,6,16,8,22,2,2,1,4,2,3,-0.15,1
19,8,28,8,2,2,6,7,7,16,7,27,11,2,2,6,9,5,-0.19,0
20,8,30,8,4,2,4,7,7,18,7,33,9,3,1,6,2,2,-0.07,0
10,8,23,8,2,1,3,7,7,9,8,36,9,1,2,6,2,8,-0.52,0
15,8,24,8,2,6,2,7,7,15,8,30,10,6,2,4,2,7,0.12,1
11,8,28,8,3,1,4,7,7,14,10,23,11,2,1,4,11,4,0.28,1
18,8,29,8,2,2,3,7,8,19,9,21,1,2,2,3,1,7,-0.09,1
10,9,22,8,2,6,4,7,2,10,9,28,7,2,1,5,2,5,-0.56,0
9,9,29,8,4,2,4,7,2,9,9,33,7,6,6,4,10,5,-0.01,0
16,9,27,8,2,2,5,9,3,16,9,27,8,2,1,3,7,5,-0.03,0
10,9,28,8,2,6,6,7,3,10,9,23,11,2,1,3,9,3,-0.05,1
18,9,27,8,2,1,5,7,4,19,9,28,6,2,1,4,6,4,-0.24,0
10,9,29,8,4,1,5,4,5,9,8,30,3,3,2,6,3,6,-0.18,0
20,9,27,8,2,1,3,1,5,18,9,32,10,2,3,2,4,5,-0.07,0
20,9,27,8,3,1,5,7,5,20,9,26,8,2,1,3,7,7,0.28,1
10,9,29,8,4,4,5,7,5,10,9,34,8,2,2,4,7,9,0.34,1
20,9,25,8,2,1,7,9,5,20,9,26,10,2,5,4,2,3,0.65,1
14,9,25,8,2,2,4,7,5,14,9,28,9,2,1,4,2,3,0.24,1
18,9,29,8,2,6,1,7,5,19,10,21,1,2,2,3,1,7,-0.01,0
20,9,29,8,2,6,5,7,6,18,7,21,9,4,2,6,2,5,-0.04,0
20,9,27,8,4,2,6,7,6,20,9,25,10,1,2,4,7,5,-0.17,0
18,9,35,8,3,2,6,7,6,18,9,28,1,2,3,3,1,8,0.79,1
19,9,26,8,2,2,6,7,7,16,7,27,9,1,1,6,5,4,-0.33,0
19,9,28,8,2,2,6,7,7,16,8,27,3,2,2,6,7,7,-0.01,0
10,9,28,8,4,2,6,7,7,10,9,24,8,2,1,6,7,4,-0.47,0
22,9,30,8,2,2,4,7,7,22,9,23,15,2,5,7,6,2,0.65,1
16,9,27,8,2,6,4,7,7,16,9,22,10,2,2,4,10,7,0.51,1
11,9,28,8,3,1,4,7,7,14,13,29,9,2,2,3,2,7,0.67,1
18,9,29,8,2,2,3,7,8,19,10,22,6,2,1,7,6,6,0.36,1
22,10,27,8,1,1,6,7,3,22,10,26,11,2,1,3,9,6,-0.02,1
11,10,26,8,2,2,4,7,3,14,13,27,9,4,2,7,7,7,-0.03,0
18,10,27,8,2,1,5,7,4,19,10,33,6,2,3,4,6,4,-0.31,0
16,10,27,8,2,1,3,7,5,16,10,28,13,2,3,3,9,3,0,0
20,10,27,8,3,1,5,7,5,20,10,23,8,2,2,3,6,3,0.2,1
22,10,26,8,3,2,7,2,5,22,10,29,2,2,1,5,7,8,0.36,1
18,10,29,8,2,6,1,7,5,19,11,22,6,2,1,7,6,6,-0.51,1
16,10,29,8,1,2,5,8,6,16,10,27,13,4,1,4,2,5,-0.01,0
20,10,31,8,1,1,5,9,6,20,10,27,8,4,2,6,7,6,0.29,1
19,10,26,8,2,2,6,7,7,16,8,24,1,2,1,4,1,5,-0.34,0
20,10,28,8,2,3,4,7,7,18,9,26,9,1,5,6,13,5,0.02,0
21,10,27,8,2,1,5,6,7,21,10,25,9,6,1,6,2,6,0.26,1
21,10,28,8,4,1,4,7,7,21,10,24,7,2,2,6,2,6,0.24,1
11,10,28,8,3,1,4,7,7,14,14,30,15,6,2,6,6,5,0.53,1
18,10,29,8,2,2,3,7,8,19,11,33,14,1,2,7,6,6,-0.38,0
10,10,34,8,2,2,4,7,9,10,10,24,8,4,6,4,7,6,0.24,1
19,11,24,8,2,6,6,2,3,16,9,21,8,4,1,6,7,6,-0.07,0
16,11,28,8,4,1,6,7,4,16,11,28,10,4,1,5,4,6,-0.12,0
18,11,27,8,2,1,5,7,4,19,11,25,9,2,2,5,2,7,-0.4,0
16,11,26,8,4,5,5,7,5,16,11,23,10,2,4,6,2,7,-0.15,0
16,11,27,8,2,1,3,7,5,16,11,30,8,1,2,6,7,6,-0.08,1
22,11,26,8,3,2,7,2,5,22,11,26,5,2,2,6,2,5,0.69,1
18,11,29,8,2,6,1,7,5,19,12,33,14,1,2,7,6,6,-0.15,0
18,11,35,8,3,2,6,7,6,18,11,32,10,2,1,4,2,6,-0.18,0
20,11,27,8,2,2,5,7,6,20,11,27,10,2,1,2,2,8,-0.03,0
16,11,21,8,4,1,6,7,6,19,13,23,1,2,1,5,1,3,-0.19,0
20,11,30,8,4,2,4,7,7,18,10,23,13,4,1,6,10,5,-0.15,0
14,11,30,8,2,1,4,7,7,14,11,27,9,4,5,7,2,3,0.31,1
22,11,30,8,2,2,4,7,7,22,11,26,11,2,1,3,9,6,-0.06,1
15,11,24,8,2,6,2,7,7,15,11,23,9,2,2,3,2,6,0.65,1
20,12,25,8,2,1,4,7,2,20,12,28,7,2,2,4,2,7,-0.07,0
19,12,24,8,2,6,6,2,3,16,10,21,3,4,1,1,3,5,-0.35,1
16,12,28,8,4,1,6,7,4,16,12,28,10,2,2,6,2,6,0.61,1
20,12,28,8,3,1,7,7,4,20,12,27,10,2,1,2,2,8,-0.27,1
15,12,30,8,2,2,6,7,4,15,12,24,8,2,6,2,7,7,0.12,1
22,12,26,8,3,2,7,2,5,22,12,23,5,4,3,7,7,7,-0.32,0
16,12,27,8,4,5,4,7,5,16,12,22,10,2,2,4,10,7,-0.19,0
20,12,27,8,2,1,3,1,5,18,12,35,9,4,2,5,2,8,-0.2,1
20,12,26,8,2,2,6,7,5,20,12,25,10,1,2,4,7,5,-0.15,1
18,12,29,8,2,6,1,7,5,19,13,24,14,2,5,4,6,2,-0.32,1
20,12,27,8,3,3,4,7,6,18,10,33,9,3,1,6,2,2,0,0
20,12,31,8,1,1,5,9,6,20,12,23,10,2,1,6,2,6,0,0
18,12,27,8,4,1,6,7,6,19,13,33,6,2,3,4,6,4,0.42,1
19,13,24,8,2,6,6,2,3,16,10,22,3,3,1,6,9,5,-0.16,0
18,13,34,8,2,3,4,7,3,19,13,25,3,2,2,7,3,6,0.26,1
18,13,27,8,2,1,5,7,4,19,13,26,3,2,2,7,3,4,-0.15,1
20,13,27,8,2,1,4,6,5,18,11,27,3,2,1,7,3,4,-0.05,0
16,13,27,8,2,1,3,7,5,16,13,24,13,2,1,5,2,7,0.04,1
22,13,26,8,3,2,7,2,5,22,13,30,8,2,2,4,7,8,-0.04,1
20,13,25,8,2,1,7,9,5,20,13,28,10,2,1,6,7,3,0.32,1
18,13,29,8,2,6,1,7,5,19,14,25,15,4,2,7,6,4,-0.56,1
20,13,27,8,4,2,6,7,6,20,13,30,7,2,4,5,2,4,0.29,1
16,13,21,8,4,1,6,7,6,19,15,24,3,2,1,3,2,7,-0.24,0
19,13,28,8,2,2,6,7,7,16,12,23,1,2,1,7,1,3,-0.41,0
20,13,26,8,4,1,4,7,7,20,13,25,10,1,2,4,7,5,-0.11,1
14,13,30,8,2,1,4,7,7,14,13,28,9,2,1,4,2,3,0.14,1
18,14,27,8,2,1,5,7,4,19,14,26,6,2,5,4,6,3,-0.27,0
18,14,29,8,2,6,1,7,5,19,15,38,8,2,2,7,7,5,-0.21,0
20,14,26,8,4,1,5,7,6,18,12,33,9,3,1,6,2,2,-0.01,0
20,14,31,8,1,1,5,9,6,20,14,26,8,4,1,4,7,7,0.01,0
16,14,26,8,6,5,5,7,6,16,14,27,8,2,6,4,7,7,0.52,1
21,14,27,8,2,1,5,6,7,21,14,24,4,3,5,6,4,5,0.01,0
20,14,26,8,2,1,3,7,7,20,14,25,10,1,2,4,7,5,0.58,1
15,14,24,8,2,6,2,7,7,15,14,28,8,2,3,2,7,6,0.06,1
22,14,30,8,2,2,4,7,7,22,14,25,4,4,2,7,4,6,0.74,1
20,15,23,8,2,2,3,6,3,20,15,25,10,1,2,4,7,5,0.22,1
16,15,27,8,2,2,5,9,3,16,15,22,10,2,2,4,10,7,-0.18,1
15,15,30,8,2,2,6,7,4,15,15,29,4,4,1,4,4,4,0.15,1
15,15,29,8,3,2,4,7,5,15,15,24,8,2,6,2,7,7,0.61,1
18,15,27,8,2,1,5,7,5,19,16,25,15,4,2,7,6,4,-0.41,0
18,15,26,8,4,1,5,7,5,20,17,27,8,2,5,7,9,6,-0.19,0
16,15,29,8,1,2,5,8,6,16,15,28,13,2,1,5,2,4,-0.03,1
19,15,28,8,2,2,6,7,7,16,13,25,2,2,1,6,7,7,-0.01,1
16,15,27,8,2,6,4,7,7,16,15,29,8,2,1,4,7,8,0.53,1
18,15,29,8,2,2,3,7,8,19,16,24,3,2,2,4,3,4,-0.16,0
19,16,24,8,2,6,6,2,3,16,13,27,9,1,1,6,5,4,-0.04,0
20,16,27,8,2,2,5,10,5,18,14,33,9,3,1,6,2,2,-0.03,0
20,16,27,8,2,1,4,6,5,18,14,33,3,2,1,4,7,6,0.37,1
20,16,27,8,2,1,3,1,5,18,15,26,6,2,2,6,9,2,-0.38,0
19,16,38,8,2,2,7,7,5,18,15,26,8,2,5,4,7,3,0.35,1
16,16,27,8,2,1,3,7,5,16,16,27,13,4,1,4,2,5,0.02,0
20,16,25,8,2,1,7,9,5,20,16,26,8,4,1,4,7,7,-0.08,0
20,16,31,8,1,1,5,9,6,20,16,23,8,2,2,3,6,3,0.03,0
16,16,26,8,6,5,5,7,6,16,16,28,13,2,1,5,2,4,0.17,1
20,16,27,8,4,2,6,7,6,20,16,24,3,2,3,3,3,7,0.41,1
16,16,21,8,4,1,6,7,6,19,19,28,8,2,2,6,7,7,-0.05,0
19,16,28,8,2,2,6,7,7,16,14,27,3,4,1,4,2,3,-0.19,0
16,16,27,8,2,6,4,7,7,16,16,22,2,2,1,4,2,3,0.54,1
22,16,30,8,2,2,4,7,8,22,16,23,5,4,2,7,7,6,-0.05,0
19,17,24,8,2,6,6,2,3,16,14,24,1,2,1,4,1,5,-0.48,0
20,17,28,8,3,1,7,7,4,20,17,22,2,2,6,6,2,3,-0.18,0
20,17,27,8,3,1,5,7,5,20,17,25,13,6,1,5,6,10,0.03,0
18,17,30,8,6,1,3,2,5,18,17,22,3,2,2,7,2,6,0.32,1
20,17,27,8,3,3,4,7,6,18,15,33,3,2,1,4,7,6,-0.01,0
20,17,26,8,4,1,5,7,6,18,15,23,13,4,1,6,10,5,-0.23,0
18,17,26,8,2,2,4,7,6,18,17,27,8,2,1,7,2,5,-0.19,0
19,17,26,8,2,2,6,7,7,16,15,23,1,2,1,7,1,3,-0.02,0
18,18,27,8,2,1,7,2,5,18,18,28,1,2,3,3,1,8,0.64,1
18,18,29,8,2,6,1,7,5,19,19,33,6,2,3,4,6,4,-0.61,0
18,18,26,8,4,1,5,7,5,20,20,25,3,2,2,5,3,7,-0.17,0
20,18,27,8,3,3,4,7,6,18,16,32,10,2,3,2,4,5,-0.04,0
20,18,31,8,1,1,5,9,6,20,18,24,10,2,1,4,2,3,0.32,1
19,18,26,8,2,2,6,7,7,16,15,24,1,3,5,6,1,2,-0.17,0
20,18,28,8,2,3,4,7,7,18,16,33,9,3,1,6,2,2,-0.07,0
18,18,29,8,2,2,3,7,8,19,19,25,9,2,2,5,2,7,0.47,1
19,19,24,8,2,6,6,2,3,16,16,27,11,2,2,6,9,5,-0.32,0
19,19,38,8,2,2,7,7,5,18,18,29,2,4,3,4,7,6,0.14,1
20,19,26,8,4,1,5,7,6,18,17,33,3,2,1,4,7,6,-0.32,0
20,19,31,8,1,1,5,9,6,20,19,28,7,2,2,4,2,7,0.31,1
19,19,26,8,2,2,6,7,7,16,16,25,2,2,1,6,7,7,0.01,1
20,19,29,8,3,2,5,7,9,18,17,27,3,2,1,7,3,4,0.02,0
22,20,27,8,1,1,6,7,3,22,20,27,10,4,2,6,2,2,0.53,1
20,20,26,8,4,1,5,7,6,18,18,32,10,2,3,2,4,5,-0.47,0
20,20,27,8,4,2,6,7,6,20,20,27,10,2,1,2,2,8,-0.21,0
20,20,30,8,4,2,4,7,7,18,18,26,9,1,5,6,13,5,-0.23,0
21,20,28,8,4,1,4,7,7,21,20,24,4,3,5,6,4,5,0.48,1
18,1,33,9,3,1,6,2,2,20,1,27,8,2,5,7,9,6,-0.52,0
9,1,34,9,2,1,6,2,4,10,1,29,8,4,1,5,4,5,-0.51,0
16,1,27,9,1,1,6,5,4,19,1,24,3,2,1,3,2,7,-0.21,1
14,1,21,9,2,2,2,2,7,14,1,26,9,2,6,7,2,7,-0.36,1
19,1,23,9,2,2,5,10,8,18,1,23,5,2,2,6,2,7,0.06,1
18,1,35,9,4,2,5,2,8,20,1,27,8,3,3,4,7,6,0.04,1
22,1,27,9,4,2,4,10,9,22,1,23,5,4,1,7,4,5,-0.07,1
14,2,22,9,4,1,6,2,5,11,2,22,1,2,1,2,7,3,-0.42,0
18,2,29,9,2,5,6,7,5,18,2,25,14,4,1,4,6,5,0.6,1
21,2,25,9,6,1,6,2,6,21,2,24,5,6,4,6,7,10,-0.17,0
19,2,30,9,4,6,4,2,6,18,2,23,5,2,2,5,7,7,0.37,1
14,2,21,9,2,2,2,2,7,14,2,29,8,4,2,6,7,8,-0.06,0
14,2,22,9,4,1,6,2,7,14,2,27,8,2,1,4,6,6,-0.18,0
14,2,26,9,2,6,7,2,7,14,2,28,9,2,1,4,2,3,-0.17,1
22,2,27,9,4,2,4,10,9,22,2,22,1,2,1,4,1,7,-0.05,0
14,3,22,9,4,1,6,2,5,11,3,24,1,2,2,7,1,7,-0.41,0
18,3,25,9,4,1,2,2,5,20,3,27,8,3,3,4,7,6,-0.29,0
14,3,27,9,4,2,7,7,7,11,3,22,1,2,1,2,7,3,0.03,1
18,3,25,9,6,1,3,2,7,18,3,28,1,2,3,3,1,8,0.66,1
19,3,25,9,2,2,5,2,7,18,3,27,8,2,1,5,7,5,-0.35,1
18,4,27,9,4,1,4,2,1,20,4,24,13,6,1,4,6,4,0.12,1
14,4,29,9,4,1,4,2,4,14,4,32,9,2,3,3,2,7,0.46,1
14,4,30,9,4,1,6,2,6,14,4,29,8,6,2,6,7,6,-0.25,0
21,4,25,9,6,1,6,2,6,21,4,26,10,2,2,4,2,4,0.1,1
14,4,27,9,4,1,7,2,7,14,4,24,11,4,2,6,2,5,0.03,0
14,4,21,9,2,2,2,2,7,14,4,27,8,2,1,4,6,6,-0.15,0
14,4,27,9,4,2,7,7,7,11,4,24,1,2,2,7,1,7,-0.46,0
14,4,22,9,4,1,6,2,7,14,4,27,5,2,3,5,2,5,-0.21,1
18,5,27,9,4,1,4,2,1,20,5,27,8,2,5,7,9,6,-0.34,0
14,5,29,9,4,1,4,2,4,14,5,26,9,2,6,7,2,7,-0.26,0
9,5,29,9,2,6,6,2,4,10,5,23,8,2,1,3,7,7,-0.08,0
19,5,27,9,2,3,6,7,4,18,5,24,1,2,2,5,1,6,0.55,1
16,5,27,9,1,1,6,5,4,19,6,25,8,4,1,3,7,6,-0.08,0
18,5,25,9,4,1,2,2,5,20,5,26,8,4,1,5,7,6,-0.46,0
14,5,29,9,2,2,3,2,7,11,3,30,13,2,2,5,9,5,0.48,1
18,5,25,9,6,1,3,2,7,18,5,32,10,2,1,4,2,6,-0.01,0
22,5,27,9,4,2,4,10,9,22,5,23,5,4,3,7,7,7,-0.06,0
18,6,27,9,4,1,4,2,1,20,6,27,13,2,3,4,13,8,0.02,0
14,6,34,9,2,2,4,2,2,14,6,32,9,2,3,3,2,7,0.65,1
14,6,29,9,4,1,4,2,4,14,6,29,8,4,2,6,7,8,0.03,0
18,6,25,9,4,1,2,2,5,20,6,29,8,2,6,5,7,6,-0.37,0
21,6,25,9,6,1,6,2,6,21,6,28,13,1,1,2,7,6,0.33,1
14,6,27,9,4,1,7,2,7,14,6,30,9,4,1,6,2,6,0.03,0
14,6,22,9,4,1,6,2,7,14,6,25,8,2,2,4,7,5,-0.39,0
19,6,25,9,2,2,5,2,7,18,6,24,13,3,2,7,9,6,0.26,1
18,6,35,9,4,2,5,2,8,20,6,29,8,3,2,5,7,9,0.09,1
19,6,23,9,2,2,5,10,8,18,6,26,8,2,5,4,7,3,0.42,1
18,7,27,9,4,1,4,2,1,20,7,27,8,2,1,3,1,5,-0.07,0
14,7,34,9,2,2,4,2,2,14,7,26,9,2,6,7,2,7,-0.11,0
19,7,27,9,2,3,6,7,4,18,7,27,8,2,1,5,7,4,0.33,1
14,7,22,9,4,1,6,2,5,11,6,25,13,2,2,6,9,3,0.01,0
21,7,25,9,6,1,6,2,6,21,7,27,5,4,1,4,7,5,0.58,1
14,8,34,9,2,2,4,2,2,14,8,29,8,4,2,6,7,8,0.17,1
18,8,25,9,4,1,2,2,5,20,8,29,8,3,2,5,7,9,-0.06,0
14,8,22,9,4,1,6,2,7,14,8,23,15,2,2,4,6,5,-0.21,0
14,8,21,9,2,2,2,2,7,14,8,25,8,2,2,4,7,5,0.19,1
18,9,27,9,4,1,4,2,1,20,9,25,8,4,2,5,10,5,0.1,1
14,9,27,9,4,5,7,2,3,14,9,23,15,2,2,4,6,5,0.43,1
14,9,22,9,4,1,6,2,5,11,6,27,1,4,2,6,1,6,0,0
9,9,23,9,2,1,4,2,5,9,9,27,16,2,2,6,2,6,0.33,1
14,9,30,9,2,2,6,2,6,14,9,26,9,2,6,7,2,7,-0.02,0
14,9,33,9,2,4,5,2,6,14,9,27,8,2,1,4,6,6,0.19,1
14,9,21,9,2,2,2,2,7,14,9,29,8,6,2,6,7,6,0.02,0
18,9,25,9,6,1,3,2,7,18,9,25,14,4,1,4,6,5,0.66,1
14,10,30,9,4,1,6,2,6,14,10,26,9,2,6,7,2,7,-0.38,0
14,10,29,9,2,2,3,2,7,11,7,22,1,2,1,2,7,3,0.5,1
14,10,22,9,4,1,6,2,7,14,10,30,8,2,1,4,7,7,-0.1,0
18,10,25,9,6,1,3,2,7,18,10,28,8,4,2,6,7,5,0.29,1
18,11,27,9,4,1,4,2,1,20,12,30,8,4,2,4,7,7,-0.01,1
19,11,27,9,2,3,6,7,4,18,10,23,5,2,2,5,7,7,0.16,1
14,11,30,9,4,1,6,2,6,14,11,29,8,4,2,6,7,8,-0.03,0
14,11,29,9,2,2,3,2,7,11,8,24,1,2,2,7,1,7,-0.09,0
14,11,26,9,2,6,7,2,7,14,11,35,3,2,2,6,2,9,-0.03,1
14,11,21,9,2,2,2,2,7,14,11,27,9,4,1,7,2,7,0.38,1
18,12,25,9,4,1,2,2,5,20,12,27,8,2,5,7,9,6,-0.32,0
18,12,26,9,1,5,6,13,5,20,13,27,8,2,5,7,9,6,-0.31,0
14,12,27,9,4,2,7,7,7,11,9,30,13,2,2,5,9,5,-0.06,0
14,12,22,9,4,1,6,2,7,14,12,32,9,2,3,3,2,7,-0.22,0
16,13,26,9,2,4,3,2,2,16,13,30,8,1,2,6,7,6,0.21,1
18,13,25,9,4,1,2,2,5,20,13,27,13,2,3,4,13,8,-0.39,0
18,13,21,9,4,2,6,2,5,20,15,27,8,2,5,7,9,6,-0.38,0
14,13,22,9,4,1,6,2,7,14,13,26,9,2,6,7,2,7,-0.37,0
18,13,25,9,6,1,3,2,7,18,13,21,7,2,1,4,2,6,0.71,1
18,13,35,9,4,2,5,2,8,20,13,25,3,2,2,5,3,7,0.75,1
14,14,27,9,4,5,7,2,3,14,14,26,9,2,6,7,2,7,-0.01,0
18,14,25,9,4,1,2,2,5,20,14,27,8,2,1,3,1,5,-0.52,0
18,14,29,9,2,5,6,7,5,18,14,28,1,2,3,3,1,8,0.59,1
22,14,26,9,2,2,4,13,6,22,14,28,8,2,1,7,7,5,-0.07,0
19,14,25,9,2,2,5,2,7,18,13,27,8,4,1,6,7,6,0.4,1
14,14,22,9,4,1,6,2,7,14,14,29,8,4,2,6,7,8,0,0
22,14,27,9,4,2,4,10,9,22,14,25,5,4,2,7,2,7,-0.17,0
18,14,29,9,6,2,4,6,9,20,14,25,3,2,2,5,3,7,0.3,1
16,15,26,9,2,4,3,2,2,16,15,24,13,2,1,5,2,7,-0.43,0
16,15,27,9,1,1,6,5,4,19,18,23,1,2,1,5,1,3,-0.52,0
18,15,25,9,4,1,2,2,5,20,15,25,3,2,2,5,3,7,0.42,1
18,15,26,9,1,5,6,13,5,20,16,25,3,2,2,5,3,7,-0.19,0
19,15,23,9,2,2,5,10,8,18,15,27,8,2,1,5,7,4,0.14,1
18,16,27,9,4,1,4,2,1,20,18,26,8,4,1,5,7,6,-0.45,0
22,16,26,9,2,2,4,13,6,22,16,23,5,4,1,7,4,5,-0.73,0
19,16,25,9,2,2,5,2,7,18,15,23,5,2,2,6,2,7,0.47,1
19,17,27,9,2,3,6,7,4,18,16,26,8,2,5,4,7,3,0.24,1
19,17,30,9,4,6,4,2,6,18,17,27,8,2,1,5,7,4,-0.19,0
19,17,25,9,2,2,5,2,7,18,16,22,5,2,5,5,7,6,-0.14,0
19,19,30,9,4,6,4,2,6,18,18,31,8,2,1,4,7,4,0.64,1
19,19,23,9,2,2,5,10,8,18,18,23,5,2,2,5,7,7,0.11,1
22,20,26,9,2,2,4,13,6,22,20,23,5,4,3,7,7,7,-0.1,0
18,1,23,10,4,2,7,10,5,18,1,28,1,2,3,3,1,8,0.02,0
18,1,29,10,2,2,5,2,5,18,1,28,6,2,5,5,6,5,-0.04,0
21,1,29,10,2,2,5,2,5,21,1,24,4,3,5,6,4,5,-0.21,1
21,1,25,10,2,1,7,2,5,21,1,25,10,2,2,7,2,5,0.24,1
21,1,23,10,4,2,5,2,5,21,1,26,10,2,2,4,2,4,0.63,1
7,1,24,10,2,1,7,2,6,6,1,26,5,4,1,3,7,3,-0.36,0
9,1,25,10,4,1,6,2,6,9,1,29,8,4,2,4,7,2,-0.15,0
21,1,26,10,4,1,7,4,6,21,1,22,13,4,1,7,6,8,-0.02,0
20,1,23,10,2,1,6,2,6,20,1,25,7,4,1,1,2,6,0,1
18,1,31,10,2,2,7,4,6,20,1,24,13,6,1,4,6,4,0.02,1
20,1,23,10,2,1,3,1,6,20,1,26,8,2,2,6,7,5,0.24,1
22,1,23,10,2,1,5,2,6,22,1,27,10,4,2,6,2,2,0.46,1
16,1,22,10,2,2,4,10,7,16,1,30,8,1,2,6,7,6,-0.16,0
18,1,27,10,4,1,5,2,7,18,1,27,10,2,2,5,2,8,-0.12,0
20,1,27,10,2,1,2,2,8,20,1,28,10,2,1,6,7,3,0.49,1
15,1,30,10,1,1,6,2,9,15,1,24,6,4,1,5,2,5,-0.21,0
21,2,26,10,4,1,7,2,3,21,2,26,10,2,2,4,2,4,0.7,1
21,2,26,10,4,1,3,4,4,21,2,27,5,4,1,4,7,5,-0.51,0
18,2,29,10,2,2,5,2,5,18,2,30,11,2,2,6,9,4,0.01,0
6,2,23,10,4,2,7,10,5,6,2,24,10,4,1,6,2,4,-0.22,0
9,2,25,10,4,1,6,2,6,9,2,23,9,2,1,4,2,5,-0.63,0
21,2,26,10,4,1,7,4,6,21,2,27,3,2,1,6,2,5,-0.02,0
16,2,28,10,2,1,6,2,6,16,2,24,13,2,1,5,2,7,-0.57,1
7,2,26,10,2,5,4,2,7,6,1,36,2,4,3,5,10,7,-0.13,0
20,2,24,10,4,3,7,2,7,20,2,27,8,3,1,5,7,5,0.14,1
5,2,23,10,2,1,5,2,8,5,2,26,8,4,1,4,8,7,-0.1,1
21,3,26,10,4,1,7,2,3,21,3,25,10,2,1,7,2,5,0.13,1
16,3,23,10,2,2,6,2,3,16,3,27,13,4,1,4,2,5,-0.17,1
21,3,26,10,4,1,3,4,4,21,3,23,5,1,1,4,7,5,-0.19,0
6,3,24,10,4,1,6,2,4,6,3,33,8,4,1,3,7,5,-0.24,0
7,3,25,10,2,1,4,2,5,6,3,27,6,4,3,4,6,6,-0.16,0
18,3,29,10,2,2,5,2,5,18,3,27,8,2,1,7,2,5,-0.29,0
6,3,23,10,4,2,7,10,5,6,3,27,15,2,2,7,2,5,-0.09,0
16,3,28,10,2,2,6,2,6,16,3,30,8,1,2,6,7,6,-0.05,0
7,3,25,10,1,1,5,2,6,6,3,26,5,4,1,3,7,3,-0.46,0
21,3,26,10,4,1,7,4,6,21,3,28,8,4,1,4,7,7,-0.3,0
9,3,25,10,4,1,6,2,6,9,3,24,10,4,2,7,2,7,-0.14,0
20,3,23,10,2,1,3,1,6,20,3,26,8,2,1,3,7,7,0.1,1
16,3,22,10,2,2,4,10,7,16,3,24,13,2,1,5,2,7,-0.01,0
20,3,24,10,4,3,7,2,7,20,3,22,2,2,6,6,2,3,-0.01,0
5,3,23,10,2,1,5,2,8,5,3,28,8,3,1,6,7,4,-0.1,0
21,4,26,10,4,1,3,4,4,21,4,27,3,2,6,5,2,2,-0.34,0
16,4,28,10,4,1,5,4,6,16,4,24,13,2,1,5,2,7,-0.27,0
20,4,23,10,2,1,3,1,6,20,4,23,8,2,2,3,6,3,0.46,1
22,4,23,10,2,1,5,2,6,22,4,28,6,4,2,4,16,6,0.39,1
18,4,27,10,4,1,5,2,7,18,4,25,1,1,2,7,1,5,0.31,1
22,5,27,10,4,2,6,2,2,22,5,25,5,4,2,7,2,7,-0.33,0
21,5,26,10,4,1,3,4,4,21,5,27,8,2,1,5,6,7,-0.18,0
6,5,24,10,4,1,6,2,4,6,5,33,5,4,4,6,2,8,-0.09,0
16,5,23,10,2,1,5,2,5,16,5,23,10,2,4,6,2,7,-0.4,0
21,5,25,10,2,1,7,2,5,21,5,25,9,6,1,6,2,6,0.58,1
7,5,24,10,2,1,7,2,6,6,4,36,2,4,3,5,10,7,-0.19,0
9,5,25,10,4,1,6,2,6,9,5,26,3,3,3,7,2,6,-0.01,0
16,5,28,10,2,2,6,2,6,16,5,24,13,2,1,5,2,7,-0.59,1
21,5,27,10,4,2,7,2,6,21,5,24,5,6,4,6,7,10,-0.18,1
21,6,26,10,4,1,7,2,3,21,6,23,5,1,1,4,7,5,0.02,0
21,6,26,10,4,1,3,4,4,21,6,25,10,2,3,6,2,5,-0.45,0
6,6,23,10,4,2,7,10,5,6,6,55,6,4,6,7,6,10,-0.15,0
20,6,25,10,1,2,4,7,5,20,6,26,10,2,5,4,2,3,0.48,1
21,6,26,10,4,1,7,4,6,21,6,32,5,2,1,3,2,8,-0.12,0
16,6,22,10,2,2,4,10,7,16,6,27,13,4,1,4,2,5,-0.32,0
20,6,27,10,2,1,2,2,8,20,6,23,8,2,2,3,6,3,-0.04,0
15,6,30,10,1,1,6,2,9,15,6,30,10,6,2,4,2,7,0.32,1
9,7,25,10,2,1,7,2,3,9,7,26,3,3,3,7,2,6,0.33,1
21,7,26,10,4,1,3,4,4,21,7,21,5,2,2,4,7,6,-0.48,0
18,7,32,10,2,3,2,4,5,20,7,27,8,2,5,7,9,6,-0.07,0
18,7,29,10,2,2,5,2,5,18,7,22,3,2,2,7,2,6,-0.07,1
18,7,23,10,4,2,7,10,5,18,7,25,14,4,1,4,6,5,0.4,1
20,7,23,10,2,1,6,2,6,20,7,22,2,2,6,6,2,3,0.03,0
20,7,23,10,2,1,3,1,6,20,7,28,7,2,2,4,2,7,-0.25,0
9,7,25,10,4,1,6,2,6,9,7,34,10,2,2,6,7,7,0.02,0
21,7,27,10,4,2,7,2,6,21,7,26,10,2,2,4,2,4,0.39,1
15,7,30,10,6,2,4,2,7,15,7,34,10,4,2,6,2,7,-0.16,0
15,7,30,10,1,1,6,2,9,15,7,32,10,3,3,6,4,8,0.5,1
16,8,23,10,2,1,5,2,5,16,8,28,10,4,1,5,4,6,-0.06,0
16,8,24,10,2,2,7,2,5,16,8,22,10,2,2,4,10,7,-0.29,0
21,8,23,10,4,2,5,2,5,21,8,25,10,2,3,6,2,5,0.52,1
21,8,25,10,2,1,7,2,5,21,8,27,10,4,2,7,2,6,0.36,1
9,8,25,10,4,1,6,2,6,9,8,27,15,2,1,2,6,5,-0.14,0
18,8,27,10,4,1,5,2,7,18,8,26,5,3,1,7,2,7,-0.36,0
18,8,27,10,2,2,5,2,8,18,8,27,8,2,1,7,2,5,0.56,1
21,9,26,10,4,1,7,2,3,21,9,25,10,2,3,6,2,5,0.63,1
16,9,27,10,4,2,6,4,4,16,9,28,13,2,3,3,9,3,0.45,1
16,9,23,10,4,1,4,10,5,16,9,30,8,1,2,6,7,6,-0.01,0
21,9,25,10,2,1,7,2,5,21,9,24,4,3,5,6,4,5,0.48,1
9,9,25,10,4,1,6,2,6,9,9,22,3,6,3,7,2,5,-0.2,0
21,9,27,10,4,1,3,4,6,21,9,28,13,3,1,6,2,10,-0.16,1
18,9,27,10,4,1,5,2,7,18,9,22,8,4,3,4,7,7,-0.35,0
21,10,26,10,4,1,7,2,3,21,10,21,5,2,2,4,7,6,0.54,1
20,10,28,10,2,1,6,7,3,20,10,25,10,1,2,4,7,5,-0.11,1
21,10,26,10,4,1,3,4,4,21,10,27,3,2,1,6,2,5,-0.39,0
18,10,29,10,2,2,5,2,5,18,10,22,11,2,1,4,11,6,-0.05,1
21,10,26,10,4,1,7,4,6,21,10,24,5,6,4,6,7,10,-0.25,0
18,10,31,10,2,2,7,4,6,20,12,27,8,2,1,4,6,5,0.02,1
21,11,26,10,4,1,3,4,4,21,11,28,8,4,1,4,7,7,-0.37,0
16,11,23,10,4,1,4,10,5,16,11,24,13,2,1,5,2,7,-0.5,1
21,11,25,10,2,3,6,2,5,21,11,25,9,6,1,6,2,6,0.42,1
18,11,29,10,2,2,5,2,5,18,11,25,1,6,1,3,1,5,-0.2,1
20,11,23,10,2,1,3,1,6,20,11,25,13,6,1,5,6,10,-0.26,0
22,11,23,10,2,1,5,2,6,22,11,23,15,2,5,7,6,2,0.61,1
16,11,28,10,2,2,6,2,6,16,11,27,8,2,6,4,7,7,0.6,1
18,11,32,10,3,2,4,4,7,18,11,22,1,3,5,7,1,5,-0.06,0
20,11,24,10,4,3,7,2,7,20,11,30,7,2,4,5,2,4,0.02,0
15,11,30,10,1,1,6,2,9,15,11,29,8,4,3,2,7,5,0.02,0
22,12,27,10,4,2,6,2,2,22,12,28,8,2,1,7,7,5,0.49,1
16,12,27,10,4,2,6,4,4,16,12,24,13,2,1,5,2,7,-0.24,0
21,12,26,10,4,1,3,4,4,21,12,27,10,4,1,3,4,6,-0.12,0
20,12,23,10,2,1,3,1,6,20,12,31,13,2,2,5,9,4,-0.33,0
18,12,27,10,2,2,5,2,8,18,12,22,3,2,2,7,2,6,0.14,1
15,12,30,10,1,1,6,2,9,15,12,28,8,2,3,2,7,6,-0.07,1
21,13,29,10,2,2,5,2,5,21,13,26,10,4,1,3,4,4,-0.08,0
22,13,23,10,2,1,5,2,6,22,13,26,11,2,1,3,9,6,-0.18,1
18,13,27,10,4,1,5,2,7,18,13,32,10,2,1,4,2,6,0.06,1
16,14,23,10,2,2,6,2,3,16,14,30,8,1,2,6,7,6,-0.05,0
21,14,26,10,4,1,3,4,4,21,14,32,5,2,1,3,2,8,-0.28,0
21,14,25,10,2,3,6,2,5,21,14,27,10,4,2,7,2,6,0.62,1
16,14,28,10,2,2,6,2,6,16,14,27,8,4,5,4,7,5,0.08,1
16,15,23,10,2,2,6,2,3,16,15,31,7,2,4,5,2,5,0.39,1
21,15,26,10,4,1,7,2,3,21,15,27,10,4,1,3,4,6,0.3,1
16,15,24,10,2,2,7,2,5,16,15,22,2,2,1,4,2,3,-0.5,0
16,15,23,10,4,1,4,10,5,16,15,23,10,2,1,5,2,5,0.03,0
21,15,26,10,4,1,7,4,6,21,15,27,5,4,1,4,7,5,-0.16,0
16,15,28,10,2,2,6,2,6,16,15,26,8,4,5,5,7,5,0.37,1
22,15,23,10,2,1,5,2,6,22,15,23,6,2,1,6,16,6,-0.19,1
15,15,30,10,1,1,6,2,9,15,15,30,6,2,4,3,6,6,-0.06,1
22,16,27,10,4,2,6,2,2,22,16,29,2,2,1,5,7,8,0.44,1
16,16,23,10,2,2,6,2,3,16,16,24,13,2,1,5,2,7,-0.63,1
16,16,23,10,2,1,5,2,5,16,16,27,10,4,2,6,4,4,0.28,1
20,16,29,10,2,2,6,2,5,20,16,28,10,2,1,6,7,3,0.27,1
22,16,23,10,2,1,5,2,6,22,16,25,4,4,2,7,4,6,0.3,1
18,16,31,10,2,2,7,4,6,20,18,29,8,3,2,5,7,9,0,1
16,16,22,10,2,2,4,10,7,16,16,28,13,2,3,3,9,3,-0.35,0
22,17,27,10,4,2,6,2,2,22,17,26,5,2,2,6,2,5,0.03,0
18,17,29,10,2,2,5,2,5,18,17,29,9,2,5,6,7,5,0.17,1
20,17,23,10,2,1,3,1,6,20,17,30,13,3,1,6,9,5,-0.31,0
20,17,23,10,2,1,6,2,6,20,17,29,10,2,2,6,2,5,0.41,1
18,17,24,10,2,2,7,4,6,20,19,25,3,2,2,5,3,7,0.04,1
18,17,27,10,4,1,5,2,7,18,17,25,14,4,1,4,6,5,0.34,1
20,17,27,10,2,1,2,2,8,20,17,26,10,2,5,4,2,3,0.01,1
22,18,27,10,4,2,6,2,2,22,18,23,5,4,3,7,7,7,-0.27,1
21,18,25,10,2,1,7,2,5,21,18,28,13,3,1,6,2,10,-0.11,0
18,18,29,10,2,2,5,2,5,18,18,29,5,2,1,5,2,6,-0.37,1
21,18,23,10,4,2,5,2,5,21,18,25,10,2,3,4,2,7,0.18,1
22,19,27,10,4,2,6,2,2,22,19,30,8,2,2,4,7,8,-0.07,0
21,19,26,10,4,1,3,4,4,21,19,34,10,2,2,5,2,5,-0.39,0
21,19,25,10,2,2,7,2,5,21,19,24,5,6,4,6,7,10,-0.42,0
20,19,29,10,2,2,6,2,5,20,19,26,8,4,1,4,7,7,-0.01,1
20,19,23,10,2,1,6,2,6,20,19,24,13,6,1,4,7,3,-0.04,0
21,20,23,10,4,2,5,2,5,21,20,24,5,6,4,6,7,10,-0.05,0
20,20,23,10,2,1,7,2,5,20,20,25,13,6,1,5,6,10,0.52,1
22,20,23,10,2,1,5,2,6,22,20,23,5,4,2,7,7,6,0.24,1
21,20,27,10,4,1,3,4,6,21,20,27,10,4,2,7,2,6,0.47,1
21,21,26,10,4,1,3,4,4,21,21,25,10,2,1,7,2,5,-0.7,0
21,21,25,10,2,3,6,2,5,21,21,26,6,2,1,6,2,3,0.54,1
18,1,30,11,2,2,6,9,4,18,1,32,10,2,1,4,2,6,-0.08,0
16,1,25,11,2,1,5,9,5,19,1,28,8,2,5,5,7,7,-0.15,0
18,1,39,11,2,4,4,2,5,18,1,22,11,2,1,4,11,6,0.16,1
14,1,24,11,4,2,6,2,5,14,1,25,8,2,2,4,7,5,0.59,1
16,1,22,11,2,1,6,9,7,19,1,23,1,2,1,5,1,3,-0.05,0
18,1,23,11,3,2,7,11,7,18,1,25,14,4,1,4,6,5,0.59,1
10,1,22,11,2,3,5,9,9,10,1,21,1,2,5,6,14,9,-0.34,1
10,2,23,11,2,1,3,9,3,10,2,21,1,2,5,6,14,9,-0.37,0
16,2,27,11,2,2,6,9,5,19,2,23,1,2,1,5,1,3,-0.07,0
22,2,26,11,2,1,3,9,6,22,2,28,8,2,1,7,7,5,-0.27,0
8,2,25,11,4,1,4,11,7,6,2,30,8,2,2,4,7,6,-0.19,1
14,3,27,11,2,1,4,15,3,11,3,25,13,2,2,6,9,3,-0.1,0
14,3,28,11,2,4,6,11,4,11,2,29,8,4,1,5,7,7,0.18,1
14,3,23,11,2,1,4,11,4,11,3,26,8,2,2,4,7,3,-0.22,0
22,3,28,11,6,1,7,9,5,22,3,28,8,2,1,7,7,5,-0.1,0
16,3,25,11,2,1,5,9,5,19,3,30,8,2,1,6,2,8,-0.05,0
16,3,22,11,2,1,6,9,7,19,3,24,3,2,1,3,2,7,-0.41,1
21,3,25,11,2,2,4,11,8,21,3,24,5,6,4,6,7,10,-0.05,0
14,4,27,11,2,1,4,15,3,11,3,26,13,4,1,7,7,3,0.13,1
10,4,23,11,2,1,3,9,3,10,4,26,8,2,5,2,7,3,0.07,1
22,4,26,11,2,1,3,9,6,22,4,23,5,4,1,7,4,5,-0.34,0
8,4,25,11,4,1,4,11,7,6,3,27,8,4,3,2,7,8,0.48,1
16,4,23,11,2,1,5,9,7,19,4,30,8,2,1,6,2,8,-0.05,0
14,5,27,11,2,1,4,15,3,11,3,27,1,4,2,6,1,6,-0.22,0
22,5,28,11,6,1,7,9,5,22,5,23,5,4,1,7,4,5,-0.24,0
18,5,22,11,2,1,4,11,6,18,5,22,8,4,3,4,7,7,-0.21,0
22,5,26,11,2,1,3,9,6,22,5,22,1,2,1,4,1,7,-0.16,0
18,5,23,11,3,2,7,11,7,18,5,21,7,2,1,4,2,6,0.65,1
18,6,23,11,2,1,3,9,4,18,6,28,1,2,3,3,1,8,0.24,1
14,6,23,11,2,1,4,11,5,11,5,22,1,2,1,2,7,3,0.41,1
16,6,27,11,2,2,6,9,5,19,6,23,1,1,6,4,1,7,-0.22,0
16,6,25,11,2,1,5,9,5,19,6,24,3,2,1,3,2,7,-0.29,0
22,6,26,11,2,1,3,9,6,22,6,29,2,2,1,5,7,8,-0.04,0
8,6,25,11,4,1,4,11,7,6,4,28,13,2,1,7,15,6,-0.28,0
18,6,23,11,3,2,7,11,7,18,6,25,1,1,2,7,1,5,-0.2,0
16,6,22,11,2,1,6,9,7,19,7,28,8,2,2,6,7,7,0.08,1
10,7,27,11,4,2,6,9,3,10,7,21,1,2,5,6,14,9,-0.05,0
14,7,23,11,2,1,4,11,5,11,6,24,1,2,2,7,1,7,0.14,1
18,7,22,11,2,1,4,11,6,18,7,28,1,2,3,3,1,8,0.55,1
22,8,28,11,6,1,7,9,5,22,8,26,5,2,2,6,2,5,-0.11,0
14,8,24,11,4,2,6,2,5,14,8,26,9,2,6,7,2,7,-0.15,0
18,8,39,11,2,4,4,2,5,18,8,29,9,2,5,6,7,5,0.41,1
16,8,27,11,2,2,6,9,5,19,9,25,8,4,1,3,7,6,-0.04,0
18,8,22,11,2,1,4,11,6,18,8,22,1,3,5,7,1,5,-0.11,0
22,8,26,11,2,1,3,9,6,22,8,23,5,4,3,7,7,7,-0.37,0
8,8,25,11,4,1,4,11,7,6,6,28,8,2,2,4,7,6,-0.23,0
10,8,23,11,6,2,5,3,7,10,8,21,1,2,5,6,14,9,-0.37,0
18,9,30,11,2,2,6,9,4,18,9,21,7,2,1,4,2,6,0.56,1
14,9,24,11,4,2,6,2,5,14,9,29,8,4,2,6,7,8,-0.17,0
10,9,24,11,2,1,7,6,5,10,9,25,1,4,1,6,1,4,-0.38,0
22,9,28,11,6,1,7,9,5,22,9,23,5,4,3,7,7,7,-0.16,0
16,9,27,11,2,2,6,9,5,19,11,27,1,1,6,6,1,5,-0.12,0
18,9,22,11,2,1,4,11,6,18,9,32,10,2,1,4,2,6,0,0
22,9,26,11,3,1,5,11,6,22,9,23,5,4,2,5,7,8,0.43,1
16,9,23,11,2,1,5,9,7,19,9,23,1,1,6,4,1,7,0.03,0
14,10,28,11,2,4,6,11,4,11,8,25,13,2,2,6,9,3,0.4,1
22,10,28,11,6,1,7,9,5,22,10,30,8,2,2,4,7,8,-0.11,0
10,10,23,11,6,2,5,3,7,10,10,26,8,2,5,2,7,3,0.02,0
16,10,23,11,2,1,5,9,7,19,11,28,8,2,2,6,7,7,-0.06,0
18,11,23,11,3,2,7,11,7,18,11,22,8,4,3,4,7,7,-0.13,0
16,11,23,11,2,1,5,9,7,19,12,25,8,4,1,3,7,6,0.02,0
16,11,22,11,2,1,6,9,7,19,14,30,1,4,2,6,1,7,-0.57,0
14,12,23,11,2,1,4,11,4,11,10,25,13,2,2,6,9,3,0.46,1
18,12,39,11,2,4,4,2,5,18,12,27,8,2,1,7,2,5,0,0
22,12,26,11,2,1,3,9,6,22,12,24,5,2,1,7,4,6,0.32,1
21,12,23,11,2,2,4,11,8,21,12,28,8,3,2,5,7,6,0.29,1
14,13,27,11,2,1,4,15,3,11,10,24,1,2,2,7,1,7,-0.11,0
21,13,23,11,2,2,4,11,8,21,13,24,5,6,4,6,7,10,-0.13,0
14,14,28,11,2,4,6,11,4,11,10,30,13,2,2,5,9,5,-0.08,1
22,14,26,11,3,1,5,11,6,22,14,23,5,4,3,7,7,7,-0.39,0
18,14,22,11,2,1,4,11,6,18,14,28,8,4,2,6,7,5,0.56,1
18,14,23,11,3,2,7,11,7,18,14,22,1,3,5,7,1,5,0.09,1
16,14,22,11,2,1,6,9,7,19,17,28,8,2,5,5,7,7,-0.16,0
22,15,26,11,2,1,3,9,6,22,15,30,8,2,2,3,7,6,-0.06,0
22,15,26,11,3,1,5,11,6,22,15,30,8,2,2,4,7,8,-0.28,0
16,15,23,11,2,1,5,9,7,19,18,30,1,4,2,6,1,7,-0.05,0
22,16,26,11,2,1,3,9,6,22,16,24,5,6,3,5,5,9,0.25,1
22,17,28,11,6,1,7,9,5,22,17,24,5,6,3,5,5,9,-0.09,0
18,17,22,11,2,1,4,11,6,18,17,21,7,2,1,4,2,6,0.63,1
22,18,28,11,6,1,7,9,5,22,18,25,5,4,2,7,2,7,-0.12,0
22,22,26,11,3,1,5,11,6,22,22,24,5,6,3,5,5,9,0.36,1
22,22,26,11,2,1,3,9,6,22,22,30,8,2,1,6,7,7,0.1,1
19,3,22,12,2,1,5,6,6,16,3,24,1,2,1,4,1,5,0.52,1
15,1,25,13,4,2,3,9,4,15,1,32,15,6,2,2,6,6,-0.19,0
16,1,28,13,2,1,5,2,4,16,1,29,8,2,1,4,7,8,0.52,1
20,1,23,13,4,2,2,7,6,20,1,25,13,6,1,5,6,10,-0.24,0
10,1,25,13,2,1,5,6,6,10,1,28,8,2,4,1,7,10,-0.47,1
16,1,30,13,2,3,6,6,6,16,1,27,13,4,1,4,2,5,0.62,1
10,1,26,13,6,1,4,9,6,10,1,24,1,3,1,4,1,5,-0.01,1
20,1,29,13,4,1,3,7,7,20,1,22,2,2,6,6,2,3,0.02,0
20,2,24,13,6,1,4,6,4,18,2,27,3,2,1,7,3,4,-0.1,0
15,2,25,13,4,2,3,9,4,15,2,29,3,1,2,6,2,6,0.51,1
16,2,28,13,2,1,5,2,4,16,2,22,2,2,1,4,2,3,0.15,1
16,2,30,13,2,3,6,6,6,16,2,23,10,2,1,5,2,5,0.01,0
15,2,27,13,2,1,4,7,6,15,2,29,14,2,2,6,6,3,-0.09,0
10,2,26,13,6,1,4,9,6,10,2,28,8,2,4,1,7,10,-0.35,1
10,2,25,13,2,1,5,6,6,10,2,24,8,2,1,1,7,6,-0.21,1
20,2,29,13,4,1,3,7,7,20,2,22,2,2,2,6,2,3,0.09,1
20,2,27,13,2,3,4,13,8,18,2,33,9,3,1,6,2,2,0.01,1
20,2,25,13,6,1,5,6,10,20,2,25,10,1,2,4,7,5,0.54,1
20,3,24,13,6,1,4,7,3,20,3,23,8,2,2,3,6,3,-0.02,0
15,3,25,13,4,2,3,9,4,15,3,30,10,6,2,4,2,7,0.27,1
18,3,23,13,4,1,6,10,5,20,3,24,13,6,1,4,6,4,0.56,1
10,3,26,13,6,1,4,9,6,10,3,24,8,2,1,1,7,6,-0.23,0
10,3,22,13,2,2,5,7,6,10,3,21,5,2,2,3,2,6,-0.13,0
10,3,25,13,2,1,5,6,6,10,3,22,1,4,2,7,1,3,0.42,1
20,3,29,13,4,1,3,7,7,20,3,23,10,2,1,7,2,5,-0.19,0
20,3,28,13,1,3,6,7,7,20,3,28,7,2,2,4,2,7,-0.02,0
10,3,26,13,2,2,6,9,7,10,3,28,8,2,4,1,7,10,0.49,1
10,3,25,13,2,2,7,9,8,10,3,35,3,4,2,4,4,5,0.01,0
15,4,25,13,6,1,6,2,4,15,4,30,10,6,2,4,2,7,0.16,1
9,4,29,13,2,2,6,7,5,10,4,23,8,2,1,3,7,7,0.02,0
18,4,23,13,4,1,6,10,5,20,4,27,8,2,5,7,9,6,-0.23,1
15,4,27,13,3,1,6,9,5,15,4,28,8,2,3,2,7,6,0.34,1
15,4,27,13,2,1,4,7,6,15,4,29,3,1,2,6,2,6,-0.08,0
10,4,26,13,6,1,4,9,6,10,4,22,1,4,2,7,1,3,0.68,1
20,4,27,13,2,3,4,13,8,18,4,27,3,2,1,7,3,4,0.21,1
10,4,25,13,2,2,7,9,8,10,4,30,6,3,1,6,2,2,0.22,1
15,5,26,13,2,1,4,7,4,15,5,29,8,4,3,2,7,5,-0.19,0
15,5,25,13,4,2,3,9,4,15,5,31,18,4,1,6,15,6,0.02,0
20,5,24,13,6,1,4,6,4,18,5,33,3,2,1,4,7,6,0.08,1
15,5,25,13,2,5,5,9,5,15,5,20,13,4,5,6,13,10,-0.05,0
10,5,26,13,6,1,4,9,6,10,5,30,13,2,3,3,2,4,0.21,1
10,5,25,13,2,1,5,6,6,10,5,27,8,2,1,6,7,5,0.17,1
20,5,29,13,4,1,3,7,7,20,5,25,10,1,2,4,7,5,-0.03,1
10,5,26,13,2,2,6,9,7,10,5,22,1,4,2,7,1,3,-0.15,1
20,5,25,13,3,2,4,7,7,20,5,26,8,2,2,6,7,5,0.51,1
21,5,22,13,4,1,7,6,8,21,5,29,3,2,6,6,10,1,-0.09,0
20,5,27,13,2,3,4,13,8,18,5,23,13,4,1,6,10,5,-0.16,0
10,5,25,13,2,2,7,9,8,10,5,23,13,6,2,3,7,7,0.05,1
15,6,26,13,2,1,4,7,4,15,6,28,8,2,3,2,7,6,-0.07,1
18,6,23,13,4,1,6,10,5,20,6,27,8,2,1,3,1,5,-0.13,0
20,6,28,13,2,2,4,9,5,20,6,26,8,2,1,3,7,7,0.09,1
10,6,25,13,2,1,5,6,6,10,6,22,1,2,1,1,1,7,-0.11,1
20,6,29,13,4,1,3,7,7,20,6,31,8,1,1,5,9,6,-0.21,1
10,6,23,13,6,2,3,7,7,10,6,25,1,4,1,6,1,4,0.39,1
20,7,28,13,2,2,4,9,5,20,7,23,8,2,2,3,6,3,-0.13,0
15,7,25,13,2,5,5,9,5,15,7,24,6,4,1,5,2,5,0.03,0
10,7,26,13,6,1,4,9,6,10,7,22,1,2,1,1,1,7,0.03,1
20,7,28,13,1,3,6,7,7,20,7,25,13,6,1,5,6,10,-0.18,0
20,7,27,13,2,3,4,13,8,18,7,33,3,2,1,4,7,6,0.13,1
15,7,20,13,4,5,6,13,10,15,7,25,5,3,2,4,5,4,-0.04,0
20,8,30,13,3,1,6,9,5,20,8,25,10,1,2,4,7,5,0.62,1
18,8,24,13,3,2,7,9,6,19,8,26,3,2,2,7,3,4,-0.01,0
10,8,25,13,2,1,5,6,6,10,8,23,1,2,2,4,1,8,-0.4,1
16,8,30,13,2,3,6,6,6,16,8,26,8,4,5,5,7,5,0.66,1
20,8,29,13,4,1,3,7,7,20,8,25,8,2,1,7,9,5,-0.08,0
20,8,27,13,2,3,4,13,8,18,8,32,10,2,3,2,4,5,-0.15,0
15,8,20,13,4,5,6,13,10,15,8,26,13,2,1,4,7,4,-0.05,0
15,9,25,13,4,2,3,9,4,15,9,28,8,2,3,2,7,6,-0.17,1
10,9,26,13,6,1,4,9,6,10,9,23,1,2,2,4,1,8,-0.26,1
10,9,25,13,2,1,5,6,6,10,9,25,8,2,1,5,7,7,0.28,1
20,9,29,13,4,1,3,7,7,20,9,30,7,2,4,5,2,4,-0.23,0
16,9,24,13,2,1,5,2,7,16,9,29,8,2,1,4,7,8,-0.36,1
10,9,23,13,6,2,3,7,7,10,9,21,5,2,2,3,2,6,0.43,1
21,9,22,13,4,1,7,6,8,21,9,26,10,4,1,3,4,4,0.01,0
15,9,20,13,4,5,6,13,10,15,9,24,18,2,6,7,10,5,-0.01,0
15,10,25,13,6,1,6,2,4,15,10,28,8,2,3,2,7,6,-0.16,0
15,10,25,13,4,2,3,9,4,15,10,29,8,3,2,4,7,5,-0.22,1
20,10,42,13,2,2,7,7,5,20,10,27,10,2,1,2,2,8,-0.43,0
15,10,25,13,2,5,5,9,5,15,10,32,15,6,2,2,6,6,-0.08,0
20,10,28,13,2,2,4,9,5,20,10,28,7,2,2,4,2,7,-0.14,0
15,10,27,13,2,1,4,7,6,15,10,29,8,4,3,2,7,5,-0.03,0
10,10,25,13,2,1,5,6,6,10,10,24,1,3,1,4,1,5,-0.23,1
10,10,26,13,6,1,4,9,6,10,10,25,8,2,1,5,7,7,0.42,1
10,10,25,13,2,2,7,9,8,10,10,22,4,1,1,5,2,4,-0.18,1
16,11,28,13,2,1,5,2,4,16,11,22,10,2,2,4,10,7,-0.11,0
15,11,25,13,4,2,3,9,4,15,11,20,13,4,5,6,13,10,0.67,1
20,11,31,13,2,2,5,9,4,20,11,24,13,6,1,4,7,3,0.13,1
18,11,26,13,3,3,4,9,5,20,11,25,3,2,2,5,3,7,-0.06,1
15,11,25,13,2,5,5,9,5,15,11,29,3,1,2,6,2,6,-0.15,1
20,11,42,13,2,2,7,7,5,20,11,28,13,2,2,4,9,5,0.25,1
15,11,27,13,2,1,4,7,6,15,11,28,8,2,3,2,7,6,-0.07,0
20,11,27,13,2,3,4,13,8,18,11,35,9,4,2,5,2,8,-0.23,0
21,11,22,13,4,1,7,6,8,21,11,23,10,4,2,5,2,5,0.03,0
18,12,23,13,4,1,6,10,5,20,14,27,8,2,1,4,6,5,0.55,1
21,12,28,13,3,1,6,2,10,21,12,24,3,3,3,4,2,6,0.47,1
15,13,25,13,6,1,6,2,4,15,13,30,6,2,4,3,6,6,0.26,1
15,13,27,13,3,1,6,9,5,15,13,30,10,6,2,4,2,7,0.09,1
20,13,42,13,2,2,7,7,5,20,13,25,8,2,1,4,7,2,-0.83,1
18,13,23,13,4,1,6,10,5,20,15,27,8,3,3,4,7,6,-0.21,0
20,13,23,13,4,2,2,7,6,20,13,26,8,2,1,3,7,7,-0.12,0
20,14,24,13,6,1,4,7,3,20,14,26,10,2,5,4,2,3,0.35,1
20,14,28,13,2,2,4,9,5,20,14,25,13,6,1,5,6,10,-0.27,0
15,14,25,13,2,5,5,9,5,15,14,31,18,4,1,6,15,6,0.27,1
16,14,30,13,2,3,6,6,6,16,14,24,13,2,1,5,2,7,-0.4,0
20,14,23,13,4,2,2,7,6,20,14,23,8,2,2,3,6,3,-0.07,0
15,14,20,13,4,5,6,13,10,15,14,30,10,1,1,6,2,9,-0.21,0
20,15,24,13,6,1,4,6,4,18,13,24,10,2,2,7,4,6,0.32,1
15,15,27,13,2,1,4,7,6,15,15,24,6,4,1,5,2,5,-0.29,0
20,15,25,13,3,2,4,7,7,20,15,25,13,6,1,5,6,10,-0.32,0
20,15,27,13,2,3,4,13,8,18,14,26,6,2,2,6,9,2,-0.38,0
15,15,20,13,4,5,6,13,10,15,15,34,10,4,2,6,2,7,-0.09,0
20,16,24,13,6,1,4,7,3,20,16,30,13,3,1,6,9,5,0.43,1
18,16,23,13,4,1,6,10,5,20,18,29,8,2,6,5,7,6,-0.2,0
18,16,26,13,3,3,4,9,5,20,18,27,8,2,1,4,6,5,0.36,1
20,16,29,13,4,1,3,7,7,20,16,27,10,2,1,2,2,8,-0.5,1
20,17,24,13,6,1,4,6,4,18,15,22,3,2,1,6,3,7,0.11,1
18,17,26,13,3,3,4,9,5,20,19,27,8,3,3,4,7,6,-0.04,1
18,18,23,13,4,1,6,10,5,20,20,29,8,3,2,5,7,9,-0.13,0
18,18,24,13,3,2,7,9,6,19,19,25,15,4,2,7,6,4,0.28,1
20,18,28,13,1,3,6,7,7,20,18,26,8,4,1,4,7,7,-0.13,0
21,18,22,13,4,1,7,6,8,21,18,24,4,3,5,6,4,5,0.01,0
20,19,31,13,2,2,5,9,4,20,19,22,2,2,6,6,2,3,-0.01,0
20,19,42,13,2,2,7,7,5,20,19,25,10,1,2,4,7,5,0.31,1
20,19,25,13,3,2,4,7,7,20,19,26,10,2,5,4,2,3,0.25,1
20,20,28,13,2,2,4,9,5,20,20,30,13,3,1,6,9,5,-0.2,0
20,20,42,13,2,2,7,7,5,20,20,31,8,1,1,5,9,6,0.09,1
20,20,29,13,4,1,3,7,7,20,20,27,8,3,1,5,7,5,-0.3,1
19,1,28,14,2,2,7,6,6,18,1,23,5,2,2,5,7,7,-0.16,1
18,1,28,14,2,2,6,6,6,18,1,29,9,2,5,6,7,5,0.75,1
19,2,24,14,2,5,4,6,2,18,2,24,1,2,2,5,1,6,0.02,0
19,2,28,14,2,2,7,6,6,18,2,23,5,2,2,6,2,7,-0.3,0
15,3,29,14,2,2,6,6,3,15,3,30,10,1,1,6,2,9,-0.04,0
19,3,28,14,2,2,7,6,6,18,3,22,5,2,5,5,7,6,-0.09,0
15,5,29,14,2,2,6,6,3,15,5,24,8,2,6,2,7,7,0.7,1
19,8,33,14,1,2,7,6,6,18,7,23,5,2,2,6,2,7,0.08,1
19,9,24,14,2,5,4,6,2,18,8,23,5,2,2,6,2,7,0.36,1
18,9,24,14,2,3,4,6,5,19,9,25,3,2,2,7,3,6,0.24,1
18,9,28,14,2,2,6,6,6,18,9,22,3,2,2,7,2,6,0.5,1
19,11,28,14,2,2,7,6,6,18,11,24,13,3,2,7,9,6,0.43,1
18,12,24,14,2,3,4,6,5,19,12,23,9,2,2,5,10,8,0.44,1
18,13,28,14,2,2,6,6,6,18,13,25,1,6,1,3,1,5,0.61,1
19,14,28,14,2,2,7,6,6,18,14,24,1,2,2,5,1,6,-0.12,0
19,16,33,14,1,2,7,6,6,18,15,29,2,4,3,4,7,6,-0.14,0
19,17,24,14,2,5,4,6,2,18,16,29,2,4,3,4,7,6,-0.09,0
19,19,28,14,2,2,7,6,6,18,18,27,8,4,1,6,7,6,0.32,1
22,1,23,15,2,2,6,6,2,22,1,30,8,2,2,4,7,8,0,1
22,1,30,15,3,5,5,6,3,22,1,23,5,4,3,7,7,7,-0.32,0
15,2,32,15,6,2,2,6,6,15,2,25,13,6,1,6,2,4,-0.07,0
22,3,23,15,2,5,7,6,2,22,3,22,1,2,1,4,1,7,0.02,0
22,3,23,15,2,2,6,6,2,22,3,30,8,2,2,4,7,7,0.73,1
9,3,27,15,2,1,2,6,5,9,3,28,8,2,2,5,7,5,0.18,1
15,4,32,15,6,2,2,6,6,15,4,30,10,1,1,6,2,9,-0.04,0
22,4,24,15,2,2,4,3,6,22,4,25,5,4,2,7,2,7,0,0
22,5,23,15,2,5,7,6,2,22,5,26,5,2,2,6,2,5,-0.06,0
22,5,23,15,2,2,6,6,2,22,5,23,10,2,1,5,2,6,0.52,1
15,5,32,15,6,2,2,6,6,15,5,34,10,4,2,6,2,7,0.03,0
22,6,23,15,2,5,7,6,2,22,6,23,5,4,3,7,7,7,-0.04,0
15,6,32,15,6,2,2,6,6,15,6,24,8,2,6,2,7,7,-0.01,1
22,7,23,15,2,5,7,6,2,22,7,30,8,2,2,4,7,8,-0.06,1
9,7,27,15,2,1,2,6,5,9,7,33,7,6,6,4,10,5,0.03,0
22,8,23,15,2,2,6,6,2,22,8,24,5,6,3,5,5,9,-0.11,0
22,9,23,15,2,2,6,6,2,22,9,25,5,4,2,7,2,7,-0.05,0
22,9,30,15,3,5,5,6,3,22,9,24,5,6,3,5,5,9,-0.01,0
9,9,27,15,2,1,2,6,5,9,9,25,6,6,4,2,2,7,0.81,1
15,9,32,15,6,2,2,6,6,15,9,29,4,4,1,4,4,4,-0.18,1
22,10,23,15,2,2,6,6,2,22,10,22,5,4,1,5,1,7,0.76,1
14,12,30,15,6,2,6,6,5,11,9,24,1,2,2,7,1,7,-0.11,0
22,13,23,15,2,5,7,6,2,22,13,30,8,2,2,3,7,6,0.24,1
22,13,23,15,2,2,6,6,2,22,13,25,18,2,1,2,15,10,0.55,1
14,13,30,15,6,2,6,6,5,11,9,25,1,2,4,6,1,6,0.26,1
22,14,23,15,2,5,7,6,2,22,14,24,5,6,3,5,5,9,-0.23,0
15,14,32,15,6,2,2,6,6,15,14,24,18,2,6,7,10,5,-0.05,0
22,15,23,15,2,5,7,6,2,22,15,25,5,4,2,7,2,7,-0.36,0
22,18,23,15,2,2,6,6,2,22,18,23,5,4,1,7,4,5,0.02,0
22,19,30,15,3,5,5,6,3,22,19,23,5,4,1,7,4,5,-0.27,0
22,20,23,15,2,5,7,6,2,22,20,30,8,2,1,6,7,7,-0.1,1
22,21,23,15,2,2,6,6,2,22,21,26,5,2,2,6,2,5,0.12,1
22,22,23,15,2,2,6,6,2,22,22,23,5,4,3,7,7,7,-0.01,0
22,22,23,15,2,5,7,6,2,22,22,28,8,2,1,7,7,5,0.48,1
21,1,28,16,2,2,7,10,4,21,1,27,10,4,1,3,4,6,0.28,1
21,4,28,16,2,2,7,10,4,21,4,24,3,3,3,4,2,6,0.03,0
21,7,28,16,2,2,7,10,4,21,7,24,5,6,4,6,7,10,0.01,0
21,11,28,16,2,2,7,10,4,21,11,28,13,1,1,2,7,6,0.53,1
21,13,28,16,2,2,7,10,4,21,13,23,5,1,1,4,7,5,-0.05,0
21,19,28,16,2,2,7,10,4,21,19,22,13,4,1,7,6,8,0.01,0
21,20,28,16,2,2,7,10,4,21,20,27,3,2,1,6,2,5,0.43,1
21,21,28,16,2,2,7,10,4,21,21,28,8,4,1,4,7,7,0.27,1
10,8,25,17,3,1,5,17,4,9,8,23,3,2,1,4,3,5,0.33,1
22,1,25,18,2,1,2,15,10,22,1,23,6,2,1,6,16,6,0.39,1
22,2,25,18,2,1,2,15,10,22,2,25,4,4,2,7,4,6,0.59,1
22,3,25,18,2,1,2,15,10,22,3,26,8,3,2,7,2,5,0.63,1
15,7,24,18,2,6,7,10,5,15,7,28,8,2,3,2,7,6,-0.03,0
15,9,31,18,4,1,6,15,6,15,9,34,10,4,2,6,2,7,0.62,1
22,9,25,18,2,1,2,15,10,22,9,27,10,4,2,6,2,2,0.59,1
22,12,25,18,2,1,2,15,10,22,12,28,6,4,2,4,16,6,0.68,1
22,15,25,18,2,1,2,15,10,22,15,22,5,4,2,7,10,8,0.01,0
